,Country,People Group,Population,Language,Religion,People Name,Latitude,Longitude
4458,Papua New Guinea,Abaga,425,Wagama - (abg),Christianity - Non-Evangelical Protestant,Abaga,-6.12028,145.66459
4459,Papua New Guinea,Abasakur,2000,Pal - (abw),Christianity - Non-Evangelical Protestant,Abasakur,-4.756,145.24044
4460,Papua New Guinea,Abau,13000,Abau - (aau),Christianity - Non-Evangelical Protestant,Abau,-3.97222,141.32359
4461,Papua New Guinea,Abie,1500,Aneme Wake - (aby),Christianity - Non-Evangelical Protestant,Abie,-9.75911,148.47891
4462,Papua New Guinea,Abulas,59500,Ambulas - (abt),Christianity - Non-Evangelical Protestant,Ambulas,-3.7801,143.05898
4463,Papua New Guinea,Adjora,7300,Abu - (ado),Christianity - Non-Evangelical Protestant,Adjora,-4.24027,144.47396
4464,Papua New Guinea,Aeka,4600,Aeka - (aez),Christianity - Non-Evangelical Protestant,Aeka,-8.570126,147.971229
4465,Papua New Guinea,Agala,850,Fembe - (agl),Ethnic Religion,Agala,-5.61833,142.204495
4466,Papua New Guinea,Agarabi,47500,Agarabi - (agd),Christianity - Non-Evangelical Protestant,Agarabi,-6.20604,145.91695
4467,Papua New Guinea,Agi,1400,Agi - (aif),Christianity - Non-Evangelical Protestant,Agi,-3.49104,142.38677
4468,Papua New Guinea,Agob,4300,Agob - (kit),Christianity - Non-Evangelical Protestant,Agob,-9.08521,142.53159
4469,Papua New Guinea,Aiku,2000,Yangum Mon - (ymo),Christianity - Non-Evangelical Protestant,Aiku,-3.529642,142.504209
4470,Papua New Guinea,Aimele,275,Eibela - (ail),Ethnic Religion,Aimele,-6.9501,142.6486
4471,Papua New Guinea,Ainbai,300,Ainbai - (aic),Christianity - Roman Catholic,Ainbai,-3.09214,141.14867
4472,Papua New Guinea,Aiome Pygmy,1500,Aiome - (aki),Christianity - Non-Evangelical Protestant,Aiome,-5.13467,144.76523
4473,Papua New Guinea,Aion,3500,Ambakich - (aew),Christianity - Non-Evangelical Protestant,Aion,-4.23181,144.28479
4474,Papua New Guinea,Ak,225,Ak - (akq),Ethnic Religion,Ak,-3.594,141.772
4475,Papua New Guinea,Akolet,2600,Akolet - (akt),Christianity - Non-Evangelical Protestant,Akolet,-6.22711,150.18199
4476,Papua New Guinea,Akrukay,450,Chini - (afi),Christianity - Roman Catholic,Akrukay,-4.894,144.835
4477,Papua New Guinea,Alamblak,2700,Alamblak - (amp),Christianity - Non-Evangelical Protestant,Alamblak,-4.66307,143.31576
4478,Papua New Guinea,Alatil,350,Amol - (alx),Christianity - Non-Evangelical Protestant,Alatil,-3.46843,142.53207
4479,Papua New Guinea,Alauagat,750,Bragat - (aof),Christianity - Non-Evangelical Protestant,Alauagat,-3.488246,142.558466
4480,Papua New Guinea,Ama,1200,Sawiyanu - (amm),Ethnic Religion,Ama,-4.20192,141.65793
4481,Papua New Guinea,Amaimon,2600,Amaimon - (ali),Christianity - Evangelical Protestant,Amaimon,-5.18742,145.36845
4482,Papua New Guinea,Amal,1500,Amal - (aad),Ethnic Religion,Amal,-4.04517,141.9952
4483,Papua New Guinea,Amanab,7800,Amanab - (amn),Christianity - Evangelical Protestant,Amanab,-3.51516,141.17783
4484,Papua New Guinea,Ambasi,3400,Binandere - (bhg),Christianity - Evangelical Protestant,"Ambasi, Tain-Daware",-8.0728,147.9767
4485,Papua New Guinea,Ambul,2100,Ambul - (apo),Christianity - Evangelical Protestant,Ambul,-6.29002,149.96031
4486,Papua New Guinea,Amele,13000,Amele - (aey),Christianity - Evangelical Protestant,Amele,-5.29126,145.68676
4487,Papua New Guinea,Ampale,4200,Safeyoka - (apz),Christianity - Evangelical Protestant,Ampale,-7.021455,145.970168
4488,Papua New Guinea,Amto,450,Amto - (amt),Ethnic Religion,Amto,-4.12165,141.33941
4489,Papua New Guinea,Andarum,3100,Andarum - (aod),Christianity - Roman Catholic,Andarum,-4.48734,144.76673
4490,Papua New Guinea,Andra-Hus,2300,Andra-Hus - (anx),Christianity - Roman Catholic,Andra-Hus,-1.939544,147.004521
4491,Papua New Guinea,Anem,1100,Anem - (anz),Christianity - Roman Catholic,Anem,-5.54836,148.99315
4492,Papua New Guinea,Angaatiha,3700,Angaataha - (agm),Christianity - Evangelical Protestant,Angaatiha,-7.15012,146.35192
4493,Papua New Guinea,Angaua,4500,Nend - (anh),Christianity - Evangelical Protestant,Angaua,-5.04271,144.88584
4494,Papua New Guinea,Angave,3900,Ankave - (aak),Ethnic Religion,Angave,-7.19444,145.75421
4495,Papua New Guinea,Anggor,3100,Angor - (agg),Christianity - Evangelical Protestant,Anggor,-3.7167,141.19901
4496,Papua New Guinea,Angoram,14500,Angoram - (aog),Christianity - Roman Catholic,Angoram,-4.07758,144.02814
4497,Papua New Guinea,Annaberg,14000,Rao - (rao),Christianity - Evangelical Protestant,Annaberg,-4.85243,144.51119
4498,Papua New Guinea,Anor,1900,Anor - (anj),Christianity - Roman Catholic,Anor,-4.98449,144.80097
4499,Papua New Guinea,Anuki,900,Anuki - (aui),Christianity - Evangelical Protestant,Anuki,-9.6692,149.82236
4500,Papua New Guinea,Aomie,2700,Ömie - (aom),Christianity - Evangelical Protestant,Aomie,-9.062264,148.127428
4501,Papua New Guinea,Arafundi,1900,Andai - (afd),Ethnic Religion,Arafundi,-4.845816,143.612535
4502,Papua New Guinea,Aramba,1600,Arammba - (stk),Ethnic Religion,Aramba,-8.29593,141.44504
4503,Papua New Guinea,Aramo,850,Pinai-Hagahai - (pnn),Ethnic Religion,Aramo,-5.039128,144.124288
4504,Papua New Guinea,Arawe,6200,Solong - (aaw),Christianity - Evangelical Protestant,Arawe,-5.86129,148.82509
4505,Papua New Guinea,Arawum,100,Arawum - (awm),Christianity - Evangelical Protestant,Arawum,-5.52787,145.90317
4506,Papua New Guinea,Aregerek,1900,Musar - (mmi),Christianity - Roman Catholic,Aregerek,-4.70258,145.4131
4507,Papua New Guinea,Ari,175,Ari - (aac),Christianity - Evangelical Protestant,Ari,-7.95526,142.40045
4508,Papua New Guinea,Arifama-Miniafia,6100,Miniafia Oyan - (aai),Christianity - Evangelical Protestant,Arifama-Miniafia,-9.15565,149.24638
4509,Papua New Guinea,Arinua,4700,Heiyoho - (auk),Christianity - Evangelical Protestant,Arinua,-3.83003,142.47056
4510,Papua New Guinea,Arop,2700,Arop-Lokep - (apr),Christianity - Evangelical Protestant,Arop,-5.353422,147.003835
4511,Papua New Guinea,Aruek,1200,Aruek - (aur),Christianity - Evangelical Protestant,Aruek,-3.37841,142.71539
4512,Papua New Guinea,Arufe,4800,Nambo - (ncm),Christianity - Evangelical Protestant,Arufe,-8.620614,141.92119
4513,Papua New Guinea,Aruop,1700,Aruop - (lsr),Christianity - Evangelical Protestant,Aruop,-3.445143,142.495859
4514,Papua New Guinea,Asaro,72500,Dano - (aso),Christianity - Evangelical Protestant,Asaro,-5.92188,145.2539
4515,Papua New Guinea,Asas,950,Sinsauru - (snz),Christianity - Evangelical Protestant,Asas,-5.69345,145.54869
4516,Papua New Guinea,Asat,1300,Muratayak - (asx),Christianity - Evangelical Protestant,Asat,-5.74416,146.53995
4517,Papua New Guinea,Atemble,100,Mand - (ate),Christianity - Evangelical Protestant,Atemble,-5.08137,144.80568
4518,Papua New Guinea,Aturu,650,Makayam - (aup),Christianity - Evangelical Protestant,Aturu,-8.396,143.0209
4519,Papua New Guinea,Au,14000,Au - (avt),Christianity - Evangelical Protestant,Au,-3.620471,142.170829
4520,Papua New Guinea,Aunalei,900,Molmo One - (aun),Christianity - Evangelical Protestant,Aunalei,-3.38127,141.80584
4521,Papua New Guinea,Avau,16000,Avau - (avb),Christianity - Roman Catholic,Avau,-6.245748,150.436914
4522,Papua New Guinea,Awa,3400,Awa (Papua New Guinea) - (awb),Christianity - Evangelical Protestant,Awa,-6.65534,145.71416
4523,Papua New Guinea,Awar,1800,Awar - (aya),Christianity - Roman Catholic,Awar,-4.13554,144.83607
4524,Papua New Guinea,Awara,2700,Awara - (awx),Christianity - Evangelical Protestant,Awara,-6.16986,146.37187
4525,Papua New Guinea,Awin,19500,Aekyom - (awi),Christianity - Evangelical Protestant,Awin,-6.119096,141.296363
4526,Papua New Guinea,Awiyaana,19500,Awiyaana - (auy),Christianity - Evangelical Protestant,Awiyaana,-6.54079,145.75972
4527,Papua New Guinea,Awun,650,Awun - (aww),Ethnic Religion,Awun,-3.79671,141.99886
4528,Papua New Guinea,Azera,18500,Adzera - (adz),Christianity - Evangelical Protestant,Azera,-6.337117,146.237151
4529,Papua New Guinea,Bagupi,175,Bagupi - (bpi),Christianity - Non-Evangelical Protestant,Bagupi,-5.07778,145.6322
4530,Papua New Guinea,Bagwa Zimakani,3500,Zimakani - (zik),Christianity - Non-Evangelical Protestant,Bagwa Zimakani,-7.3701,141.45194
4531,Papua New Guinea,Bahinemo,1100,Bahinemo - (bjh),Christianity - Non-Evangelical Protestant,Bahinemo,-4.55527,142.8322
4532,Papua New Guinea,Baibai,600,Baibai - (bbf),Ethnic Religion,Baibai,-3.42672,141.34536
4533,Papua New Guinea,Baimak,1100,Baimak - (bmx),Christianity - Non-Evangelical Protestant,Baimak,-5.18943,145.60624
4534,Papua New Guinea,Baining,15500,Qaqet - (byx),Christianity - Non-Evangelical Protestant,Baining,-4.45258,151.70192
4535,Papua New Guinea,Baiyer Enga,43500,Kyaka - (kyc),Christianity - Non-Evangelical Protestant,Baiyer Enga,-5.512478,144.137616
4536,Papua New Guinea,Bali,20500,Uneapa - (bbn),Christianity - Roman Catholic,Bali-Vitu,-4.917494,149.13202
4537,Papua New Guinea,Baluan-Pam,2700,Baluan-Pam - (blq),Christianity - Roman Catholic,Baluan-Pam,-2.5604,147.28194
4538,Papua New Guinea,Bam,1200,Wantoat - (wnc),Christianity - Non-Evangelical Protestant,Bam,-6.211069,146.654909
4539,Papua New Guinea,Bamu,6600,Bamu - (bcf),Christianity - Non-Evangelical Protestant,Bamu,-7.93818,143.54524
4540,Papua New Guinea,Banaro,5600,Banaro - (byz),Christianity - Non-Evangelical Protestant,Banaro,-4.56615,144.32888
4541,Papua New Guinea,Bao,3500,Aighon - (aix),Christianity - Non-Evangelical Protestant,Aighon,-5.99488,150.27247
4542,Papua New Guinea,Barai,1300,Namiae - (nvm),Christianity - Non-Evangelical Protestant,Barai,-9.18089,148.16643
4543,Papua New Guinea,Baramu,1500,Baramu - (bmz),Christianity - Non-Evangelical Protestant,Baramu,-8.4885,143.00231
4544,Papua New Guinea,Bariai,2800,Bariai - (bch),Christianity - Roman Catholic,Bariai,-5.497,148.647
4545,Papua New Guinea,Bariji,800,Bariji - (bjc),Christianity - Non-Evangelical Protestant,Bariji,-9.231,148.45354
4546,Papua New Guinea,Barim,1600,Karnai - (bbv),Christianity - Non-Evangelical Protestant,Karnai,-5.74133,147.91685
4547,Papua New Guinea,Barok,5700,Barok - (bjk),Christianity - Non-Evangelical Protestant,Barok,-3.47672,152.19344
4548,Papua New Guinea,Baruga,3300,Baruga - (bjz),Christianity - Non-Evangelical Protestant,Baruga,-9.40132,148.76141
4549,Papua New Guinea,Baruya,16000,Baruya - (byr),Christianity - Non-Evangelical Protestant,Baruya,-6.89261,145.81816
4550,Papua New Guinea,Bau,5400,Bau - (bbd),Christianity - Non-Evangelical Protestant,Bau,-5.26465,145.61147
4551,Papua New Guinea,Bauwaki,1200,Bauwaki - (bwk),Christianity - Non-Evangelical Protestant,Bauwaki,-9.82577,148.8148
4552,Papua New Guinea,Beami,12000,Beami - (beo),Christianity - Non-Evangelical Protestant,Beami,-6.279596,142.420319
4553,Papua New Guinea,Bebeli,2900,Bebeli - (bek),Christianity - Roman Catholic,Bebeli,-5.63282,150.32311
4554,Papua New Guinea,Beli,3900,Beli (Papua New Guinea) - (bey),Christianity - Non-Evangelical Protestant,Beli,-3.687311,142.362463
4555,Papua New Guinea,Bemal,3100,Kein - (bmh),Ethnic Religion,Bemal,-5.3373,145.48294
4556,Papua New Guinea,Bembi,5500,Fas - (fqs),Christianity - Non-Evangelical Protestant,Bembi,-3.17868,141.554535
4557,Papua New Guinea,Benabena,91500,Benabena - (bef),Christianity - Non-Evangelical Protestant,Benabena,-6.09974,145.53446
4558,Papua New Guinea,Bepour,150,Bepour - (bie),Christianity - Non-Evangelical Protestant,Bepour,-4.5985,145.44168
4559,Papua New Guinea,Biaka,1000,Nai - (bio),Christianity - Non-Evangelical Protestant,Biaka,-3.73034,141.27254
4560,Papua New Guinea,Biangai,3200,Biangai - (big),Christianity - Non-Evangelical Protestant,Biangai,-7.33882,146.76483
4561,Papua New Guinea,Bibasa,1100,Tok Pisin - (tpi),Christianity - Non-Evangelical Protestant,Bibasa,-8.552031,142.462306
4562,Papua New Guinea,Bibling,2100,Amara - (aie),Christianity - Non-Evangelical Protestant,Bibling,-5.55778,148.68005
4563,Papua New Guinea,Big Sepik,15000,Iatmul - (ian),Christianity - Roman Catholic,Big Sepik,-4.30064,143.31566
4564,Papua New Guinea,Bikaru,275,Bisorio - (bir),Ethnic Religion,Bikaru,-4.86,142.94523
4565,Papua New Guinea,Biksi,450,Yetfa - (yet),Christianity - Non-Evangelical Protestant,Biksi,-3.974,141.035
4566,Papua New Guinea,Bilakura,90,Bilakura - (bql),Christianity - Non-Evangelical Protestant,Bilakura,-4.93116,145.55945
4567,Papua New Guinea,Bilbil,2100,Bilbil - (brz),Christianity - Non-Evangelical Protestant,Bilbil,-5.26505,145.76404
4568,Papua New Guinea,Biliau,2100,Awad Bing - (bcu),Christianity - Non-Evangelical Protestant,Biliau,-5.59896,146.35521
4569,Papua New Guinea,Bilur,5400,Bilur - (bxf),Christianity - Non-Evangelical Protestant,Bilur,-4.39732,152.3339
4570,Papua New Guinea,Bimin,3700,Bimin - (bhl),Christianity - Non-Evangelical Protestant,Bimin,-5.228451,142.054378
4571,Papua New Guinea,Binahari,2300,Binahari - (bxz),Christianity - Non-Evangelical Protestant,Binahari,-10.08739,148.83482
4572,Papua New Guinea,Binandere,6700,Binandere - (bhg),Christianity - Non-Evangelical Protestant,Binandere,-8.278108,148.180185
4573,Papua New Guinea,Bine,2700,Bine - (bon),Christianity - Non-Evangelical Protestant,Bine,-9.1285,142.945
4574,Papua New Guinea,Binumarien,900,Binumarien - (bjr),Christianity - Non-Evangelical Protestant,Binumarien,-6.289,146.087
4575,Papua New Guinea,Bisis,1300,Bisis - (bnw),Ethnic Religion,Bisis,-4.510138,143.077772
4576,Papua New Guinea,Bisorio,425,Bisorio - (bir),Christianity - Non-Evangelical Protestant,Bisorio,-4.77763,143.21255
4577,Papua New Guinea,Bitara,600,Berinomo - (bit),Christianity - Non-Evangelical Protestant,Bitara,-4.41689,142.46278
4578,Papua New Guinea,Biwat,5000,Biwat - (bwm),Christianity - Non-Evangelical Protestant,Biwat,-4.39429,143.87294
4579,Papua New Guinea,Biyom,1100,Biyom - (bpm),Christianity - Non-Evangelical Protestant,Biyom,-5.79929,145.34793
4580,Papua New Guinea,Bo,175,Bo (Papua New Guinea) - (bpw),Ethnic Religion,"Bo, Po",-4.327628,141.379405
4581,Papua New Guinea,Boanaki,4900,Ghayavi - (bmk),Christianity - Non-Evangelical Protestant,Boanaki,-10.011,149.84038
4582,Papua New Guinea,Bohuai,3800,Tulu-Bohuai - (rak),Christianity - Roman Catholic,Bohuai,-2.18725,147.020897
4583,Papua New Guinea,Bohutu,2200,Buhutu - (bxh),Christianity - Non-Evangelical Protestant,Bohutu,-10.50737,150.17956
4584,Papua New Guinea,Boikin,29500,Boikin - (bzf),Christianity - Roman Catholic,Boikin,-3.68297,143.47352
4585,Papua New Guinea,Bola,23000,Bola - (bnp),Christianity - Roman Catholic,Bola,-5.553976,150.146208
4586,Papua New Guinea,Bom,3300,Anjam - (boj),Christianity - Non-Evangelical Protestant,Bom (Bogadjim),-5.461,145.732
4587,Papua New Guinea,Bongos,16500,Kwanga - (kwj),Christianity - Non-Evangelical Protestant,Bongos,-3.746495,142.644919
4588,Papua New Guinea,Bongu,1500,Bongu - (bpu),Christianity - Non-Evangelical Protestant,Bongu,-5.50519,145.80561
4589,Papua New Guinea,Bonkiman,425,Bonkiman - (bop),Christianity - Non-Evangelical Protestant,Bonkiman,-5.84007,146.73767
4590,Papua New Guinea,Bosavi,5600,Kaluli - (bco),Christianity - Non-Evangelical Protestant,Bosavi,-6.45932,142.78806
4591,Papua New Guinea,Bosilewa,1100,Boselewa - (bwf),Christianity - Non-Evangelical Protestant,Bosilewa,-9.44763,150.69337
4592,Papua New Guinea,Bosngun,2100,Bosngun - (bqs),Christianity - Non-Evangelical Protestant,Bosngun,-4.16201,144.64724
4593,Papua New Guinea,Bothar,200,Undetermined - (und),Christianity - Non-Evangelical Protestant,Bothar,-8.41526,141.03371
4594,Papua New Guinea,Bouye,1600,Pouye - (bye),Ethnic Religion,Bouye,-3.683135,141.85652
4595,Papua New Guinea,Breri,2700,Breri - (brq),Christianity - Non-Evangelical Protestant,Breri,-4.73271,144.70718
4596,Papua New Guinea,Budibud,550,Budibud - (btp),Christianity - Non-Evangelical Protestant,Budibud,-9.29802,153.68914
4597,Papua New Guinea,Bukawa,16000,Bugawac - (buk),Christianity - Non-Evangelical Protestant,Bukawa,-6.703546,147.004318
4598,Papua New Guinea,Bulgebi,150,Bulgebi - (bmp),Christianity - Non-Evangelical Protestant,Bulgebi,-5.69713,146.40282
4599,Papua New Guinea,Bulu,1600,Bulu (Papua New Guinea) - (bjl),Christianity - Roman Catholic,Bulu,-5.06134,150.10143
4600,Papua New Guinea,Bumbita Arapesh,7100,Weri - (aon),Christianity - Non-Evangelical Protestant,Bumbita Arapesh,-3.65508,142.8592
4601,Papua New Guinea,Bun,800,Bun - (buv),Ethnic Religion,Bun,-4.51885,143.89179
4602,Papua New Guinea,Buna,1200,Buna - (bvn),Christianity - Non-Evangelical Protestant,Buna,-3.95553,144.11929
4603,Papua New Guinea,Bunabun,2000,Brem - (buq),Christianity - Non-Evangelical Protestant,Bunabun,-4.67372,145.56213
4604,Papua New Guinea,Bunama,9100,Bunama - (bdd),Christianity - Non-Evangelical Protestant,Bunama,-10.07609,151.06647
4605,Papua New Guinea,Bungain,5900,Bungain - (but),Christianity - Non-Evangelical Protestant,Bungain,-3.69674,143.79638
4606,Papua New Guinea,Burui,450,Burui - (bry),Christianity - Non-Evangelical Protestant,Burui,-4.03527,143.01497
4607,Papua New Guinea,Burum-Mindik,14500,Somba-Siawari - (bmu),Christianity - Non-Evangelical Protestant,Burum,-6.51663,147.33332
4608,Papua New Guinea,Busa,425,Odiai - (bhf),Ethnic Religion,Busa,-3.82276,141.33615
4609,Papua New Guinea,Bwadji,6500,Kuni-Boazi - (kvg),Christianity - Non-Evangelical Protestant,Bwadji,-7.0121,141.4974
4610,Papua New Guinea,Bwaidoga,10000,Bwaidoka - (bwd),Christianity - Non-Evangelical Protestant,Bwaidoga,-9.495,150.2968
4611,Papua New Guinea,Central Buang,15000,Mapos Buang - (bzh),Christianity - Non-Evangelical Protestant,Central Buang,-6.86672,146.77413
4612,Papua New Guinea,Chambri,3800,Chambri - (can),Ethnic Religion,Chambri,-4.331,143.073
4613,Papua New Guinea,Changriwa,1100,Changriwa - (cga),Ethnic Religion,Changriwa,-4.28364,143.69565
4614,Papua New Guinea,Chenapian,550,Chenapian - (cjn),Ethnic Religion,Chenapian,-4.25154,142.31714
4615,Papua New Guinea,Chimbu,175000,Kuman (Papua New Guinea) - (kue),Christianity - Non-Evangelical Protestant,Kuman,-5.944437,144.796429
4616,Papua New Guinea,Chuave,46500,Chuave - (cjv),Christianity - Non-Evangelical Protestant,Chuave,-6.17824,145.13949
4617,Papua New Guinea,Daga,13500,Daga - (dgz),Christianity - Evangelical Protestant,Daga,-9.9747,149.26296
4618,Papua New Guinea,Dahating,2600,Gwahatike - (dah),Christianity - Evangelical Protestant,Dahating,-5.64555,146.45496
4619,Papua New Guinea,Dambi,1200,Dambi - (dac),Christianity - Evangelical Protestant,Dambi,-7.00587,146.47431
4620,Papua New Guinea,Dami,7100,Marik - (dad),Christianity - Evangelical Protestant,Dami,-5.329344,145.578924
4621,Papua New Guinea,Danaru,275,Danaru - (dnr),Christianity - Evangelical Protestant,Danaru,-5.53634,145.45672
4622,Papua New Guinea,Daonda,450,Daonda - (dnd),Christianity - Roman Catholic,Daonda,-3.31443,141.2198
4623,Papua New Guinea,Daribi,23500,Dadibi - (mps),Christianity - Evangelical Protestant,Daribi,-6.65765,144.51071
4624,Papua New Guinea,Dawawa,5600,Dawawa - (dww),Christianity - Evangelical Protestant,Dawawa,-10.16915,149.99865
4625,Papua New Guinea,Dedua,11500,Dedua - (ded),Christianity - Evangelical Protestant,Dedua,-6.38206,147.62657
4626,Papua New Guinea,Degenan,1300,Degenan - (dge),Christianity - Evangelical Protestant,Degenan,-5.70892,146.57176
4627,Papua New Guinea,Dengalu,425,Patep - (ptp),Christianity - Evangelical Protestant,Dengalu,-7.19609,146.669556
4628,Papua New Guinea,Detribalized Papuan,1370000,Tok Pisin - (tpi),Christianity - Evangelical Protestant,"Papuan, Detribalized",-9.428253,147.191941
4629,Papua New Guinea,Dia,3000,Dia - (dia),Christianity - Roman Catholic,Dia,-3.38837,142.24844
4630,Papua New Guinea,Dimir,6300,Gavak - (dmc),Christianity - Roman Catholic,Dimir,-4.8296,145.67561
4631,Papua New Guinea,Diodio,3400,West Goodenough - (ddi),Christianity - Evangelical Protestant,Diodio,-9.38654,150.16758
4632,Papua New Guinea,Dobu,11500,Dobu - (dob),Christianity - Evangelical Protestant,Dobu,-9.63239,150.82504
4633,Papua New Guinea,Doga,350,Doga - (dgg),Christianity - Evangelical Protestant,Doga,-9.63698,149.84148
4634,Papua New Guinea,Dogoro,475,Doghoro - (dgx),Christianity - Evangelical Protestant,Dogoro,-9.13688,148.76599
4635,Papua New Guinea,Dom,20500,Dom - (doa),Christianity - Evangelical Protestant,Dom,-6.05429,144.945729
4636,Papua New Guinea,Domu,1700,Domu - (dof),Christianity - Evangelical Protestant,Domu,-10.15101,148.45002
4637,Papua New Guinea,Domung,4800,Domung - (dev),Christianity - Evangelical Protestant,Domung,-5.81856,146.68152
4638,Papua New Guinea,Doromu,2200,Doromu-Koki - (kqc),Christianity - Evangelical Protestant,Doromu,-9.56687,147.9855
4639,Papua New Guinea,Dorro,650,Namo - (mxw),Christianity - Evangelical Protestant,Dorro,-9.136459,141.926529
4640,Papua New Guinea,Doura,2600,Toura (Papua New Guinea) - (don),Christianity - Evangelical Protestant,Doura,-9.10008,146.98836
4641,Papua New Guinea,Duau,8400,Duau - (dva),Christianity - Evangelical Protestant,Duau,-10.18696,151.21773
4642,Papua New Guinea,Duduela,1300,Uyajitaya - (duk),Christianity - Evangelical Protestant,Duduela,-5.43119,145.64193
4643,Papua New Guinea,Duke of York Islander,19000,Ramoaaina - (rai),Christianity - Evangelical Protestant,Duke of York Islander,-4.17306,152.45078
4644,Papua New Guinea,Dumun,70,Dumun - (dui),Christianity - Evangelical Protestant,Dumun,-5.55315,146.08223
4645,Papua New Guinea,Duna,25000,Duna - (duc),Christianity - Evangelical Protestant,Duna,-5.41439,142.47498
4646,Papua New Guinea,Duranmin,250,Suarmin - (seo),Ethnic Religion,Duranmin,-4.971,141.929
4647,Papua New Guinea,East Angal,36000,Angal - (age),Christianity - Non-Evangelical Protestant,East Angal,-6.145082,143.654223
4648,Papua New Guinea,East Kewa,79000,East Kewa - (kjs),Christianity - Evangelical Protestant,East Kewa,-6.32989,143.93088
4649,Papua New Guinea,Edawapi,17000,Namia - (nnm),Christianity - Evangelical Protestant,Edawapi,-3.774351,141.77341
4650,Papua New Guinea,Eitiep,800,Eitiep - (eit),Christianity - Evangelical Protestant,Eitiep,-3.519929,142.596194
4651,Papua New Guinea,Elepi,550,Elepi - (ele),Christianity - Evangelical Protestant,Elepi,-3.7505,143.93014
4652,Papua New Guinea,Elkei,2900,Elkei - (elk),Christianity - Roman Catholic,Elkei,-3.455313,142.146189
4653,Papua New Guinea,Elu,600,Elu - (elu),Christianity - Evangelical Protestant,Elu,-1.99841,147.10086
4654,Papua New Guinea,Emerum,1600,Apali - (ena),Christianity - Evangelical Protestant,Emerum,-5.1727,145.02281
4655,Papua New Guinea,Emira,6900,Mussau-Emira - (emi),Christianity - Non-Evangelical Protestant,Emira,-1.44105,149.62397
4656,Papua New Guinea,Enga,366000,Enga - (enq),Christianity - Non-Evangelical Protestant,Enga,-5.45619,143.68529
4657,Papua New Guinea,Ere,3100,Ere - (twp),Christianity - Evangelical Protestant,Ere,-2.15569,147.08286
4658,Papua New Guinea,Erima,3700,Ogea - (eri),Christianity - Evangelical Protestant,Erima,-5.37766,145.71017
4659,Papua New Guinea,Etoro,2900,Edolo - (etr),Christianity - Evangelical Protestant,Etoro,-6.11618,142.65007
4660,Papua New Guinea,Ewage-Notu,33000,Ewage-Notu - (nou),Christianity - Evangelical Protestant,Ewage-Notu,-8.680496,148.42043
4661,Papua New Guinea,Faita,150,Faita - (faj),Christianity - Evangelical Protestant,Faita,-5.59947,145.29785
4662,Papua New Guinea,Faiwol,11000,Faiwol - (fai),Christianity - Evangelical Protestant,Faiwol,-5.387214,141.5126
4663,Papua New Guinea,Fas,4500,Fas - (fqs),Ethnic Religion,Fas,-3.243783,141.592684
4664,Papua New Guinea,Fasu,3400,Fasu - (faa),Christianity - Evangelical Protestant,Fasu,-6.62687,143.28359
4665,Papua New Guinea,Finungwan,2300,Finongan - (fag),Ethnic Religion,Finungwan,-6.33005,146.62868
4666,Papua New Guinea,Fiwaga,850,Fiwaga - (fiw),Ethnic Religion,Fiwaga,-6.66342,143.64603
4667,Papua New Guinea,Foi,8100,Foi - (foi),Christianity - Evangelical Protestant,Foi,-6.47258,143.49539
4668,Papua New Guinea,Forak,450,Forak - (frq),Christianity - Evangelical Protestant,Forak,-5.69079,146.54121
4669,Papua New Guinea,Foran,5500,Wagi - (fad),Christianity - Evangelical Protestant,Foran,-5.204128,145.779266
4670,Papua New Guinea,Fuyuge,23000,Fuyug - (fuy),Christianity - Roman Catholic,Fuyuge,-8.6371,147.31162
4671,Papua New Guinea,Gabadi,3500,Abadi - (kbt),Christianity - Evangelical Protestant,Gabadi,-9.02911,146.95409
4672,Papua New Guinea,Gabutamon,550,Domung - (dev),Ethnic Religion,Gabutamon,-5.8075,146.62066
4673,Papua New Guinea,Gadsup,38500,Gadsup - (gaj),Christianity - Evangelical Protestant,Gadsup,-6.31631,145.99716
4674,Papua New Guinea,Gahuku,50500,Alekano - (gah),Christianity - Evangelical Protestant,Gahuku,-6.03901,145.38723
4675,Papua New Guinea,Gaikunti,2100,Gaikundi - (gbf),Christianity - Evangelical Protestant,Gaikunti,-4.01718,143.13858
4676,Papua New Guinea,Gaina,2700,Gaina - (gcn),Christianity - Evangelical Protestant,Gaina,-9.14409,148.59048
4677,Papua New Guinea,Gaktai,5300,Mali - (gcc),Christianity - Roman Catholic,Gaktai,-4.71826,152.21433
4678,Papua New Guinea,Gal,550,Gal - (gap),Christianity - Evangelical Protestant,Gal,-5.18,145.648
4679,Papua New Guinea,Galeya,3000,Galeya - (gar),Christianity - Non-Evangelical Protestant,Galeya,-9.54137,150.83581
4680,Papua New Guinea,Gamei,3400,Borei - (gai),Christianity - Evangelical Protestant,Gamei,-4.08697,144.71548
4681,Papua New Guinea,Ganglau,750,Ganglau - (ggl),Christianity - Evangelical Protestant,Ganglau,-5.539,146.111
4682,Papua New Guinea,Ganja,7000,Kandawo - (gam),Christianity - Roman Catholic,Ganja,-5.73674,144.96617
4683,Papua New Guinea,Gants,5300,Gants - (gao),Christianity - Evangelical Protestant,Gants,-5.28113,144.77058
4684,Papua New Guinea,Gapun,150,Taiap - (gpn),Christianity - Non-Evangelical Protestant,Gapun,-4.05047,144.50616
4685,Papua New Guinea,Garuh,7600,Nobonob - (gaw),Christianity - Non-Evangelical Protestant,Garuh,-5.06952,145.71224
4686,Papua New Guinea,Garus,4700,Garus - (gyb),Christianity - Evangelical Protestant,Garus,-4.9222,145.68321
4687,Papua New Guinea,Garuwahi,35,English - (eng),Christianity - Non-Evangelical Protestant,Garuwahi,-10.221,150.479
4688,Papua New Guinea,Gasmata,550,Avau - (avb),Christianity - Roman Catholic,Gasmata,-6.271,150.331
4689,Papua New Guinea,Gawanga,1200,Kwanga - (kwj),Christianity - Evangelical Protestant,Gawanga,-3.754114,142.562672
4690,Papua New Guinea,Gele,1600,Kele (Papua New Guinea) - (sbc),Christianity - Evangelical Protestant,Gele,-2.095747,147.087255
4691,Papua New Guinea,Genagane,2800,Kuman (Papua New Guinea) - (kue),Christianity - Non-Evangelical Protestant,Genagane,-5.862653,144.912513
4692,Papua New Guinea,Gende,19500,Gende - (gaf),Christianity - Roman Catholic,Gende,-5.67528,145.17732
4693,Papua New Guinea,Gidra,7100,Wipi - (gdr),Christianity - Evangelical Protestant,Gidra,-8.79741,143.06403
4694,Papua New Guinea,Gimi,63500,Gimi (Eastern Highlands) - (gim),Christianity - Evangelical Protestant,Gimi,-6.42097,145.21416
4695,Papua New Guinea,Ginuman,2500,Ginuman - (gnm),Christianity - Evangelical Protestant,Ginuman,-10.02977,149.69988
4696,Papua New Guinea,Gira,650,Madi - (grg),Christianity - Evangelical Protestant,Gira,-5.63017,146.4068
4697,Papua New Guinea,Girawa,11500,Girawa - (bbr),Christianity - Evangelical Protestant,Girawa,-5.35342,145.42332
4698,Papua New Guinea,Gizra,1900,Gizrra - (tof),Christianity - Evangelical Protestant,Gizra,-9.183,142.80391
4699,Papua New Guinea,Gnau,2300,Gnau - (gnu),Christianity - Evangelical Protestant,Gnau,-3.604204,142.238406
4700,Papua New Guinea,Gobasi,2500,Gobasi - (goi),Christianity - Evangelical Protestant,Gobasi,-6.48678,142.20124
4701,Papua New Guinea,Gogodala,22500,Gogodala - (ggw),Christianity - Evangelical Protestant,Gogodala,-8.08527,142.8741
4702,Papua New Guinea,Golin,144000,Golin - (gvf),Christianity - Non-Evangelical Protestant,Golin,-6.178721,144.904232
4703,Papua New Guinea,Gorakor,6300,Gorakor - (goc),Christianity - Non-Evangelical Protestant,Gorakor,-6.829724,146.612479
4704,Papua New Guinea,Gorova,150,Gorovu - (grq),Christianity - Roman Catholic,Gorova,-4.52947,144.59021
4705,Papua New Guinea,Graged,12000,Gedaged - (gdd),Christianity - Evangelical Protestant,Graged,-5.18175,145.78079
4706,Papua New Guinea,Grass Koiari,3000,Grass Koiari - (kbk),Christianity - Non-Evangelical Protestant,Grass Koiari,-9.51218,147.43743
4707,Papua New Guinea,Guhu-Samane,22500,Guhu-Samane - (ghs),Christianity - Evangelical Protestant,Guhu-Samane,-7.99922,147.22844
4708,Papua New Guinea,Guiarak,375,Guya - (gka),Christianity - Evangelical Protestant,Guiarak,-5.70374,146.4531
4709,Papua New Guinea,Gumalu,1000,Gumalu - (gmu),Christianity - Evangelical Protestant,Gumalu,-5.22189,145.61809
4710,Papua New Guinea,Gumasi,800,Gumawana - (gvs),Christianity - Non-Evangelical Protestant,Gumasi,-9.28497,150.7623
4711,Papua New Guinea,Guntai,550,Guntai - (gnt),Ethnic Religion,Guntai,-8.80806,141.25339
4712,Papua New Guinea,Guriaso,275,Guriaso - (grx),Christianity - Evangelical Protestant,Guriaso,-3.5718,141.59654
4713,Papua New Guinea,Gusan,1400,Nema - (gsn),Christianity - Evangelical Protestant,Gusan,-6.28998,146.67886
4714,Papua New Guinea,Gusap,1700,Wasembo - (gsp),Christianity - Evangelical Protestant,Gusap,-6.01318,145.96858
4715,Papua New Guinea,Guwet,1100,Duwet - (gve),Christianity - Evangelical Protestant,Guwet,-6.4717,146.8955
4716,Papua New Guinea,Gwedena,5800,Umanakaina - (gdn),Christianity - Evangelical Protestant,Gwedena,-9.89671,149.65773
4717,Papua New Guinea,Hakoa,16500,Hakö - (hao),Christianity - Evangelical Protestant,Hakoa,-5.053586,154.645778
4718,Papua New Guinea,Hermit Islander,70,Undetermined - (und),Christianity - Non-Evangelical Protestant,Agomes,-2.021458,146.578779
4719,Papua New Guinea,Hewa,5300,Hewa - (ham),Christianity - Evangelical Protestant,Hewa,-5.03635,142.55148
4720,Papua New Guinea,Hinihon,2600,Pamosu - (hih),Christianity - Evangelical Protestant,Hinihon,-4.69874,145.28827
4721,Papua New Guinea,Hiri Motu,10000,Hiri Motu - (hmo),Christianity - Evangelical Protestant,Hiri Motu,-9.3403,147.0472
4722,Papua New Guinea,Hotei,3600,Hote - (hot),Christianity - Evangelical Protestant,Hotei,-7.061723,146.923071
4723,Papua New Guinea,Hube,13000,Kube - (kgf),Christianity - Non-Evangelical Protestant,Hube,-6.42586,147.5358
4724,Papua New Guinea,Hula,7200,Hula - (hul),Christianity - Evangelical Protestant,Hula,-9.99427,147.70512
4725,Papua New Guinea,Huli,198000,Huli - (hui),Christianity - Evangelical Protestant,Huli,-5.97212,142.96326
4726,Papua New Guinea,Humene,1600,Humene - (huf),Christianity - Evangelical Protestant,Humene,-9.70693,147.56221
4727,Papua New Guinea,Hunjara,15000,Hunjara-Kaina Ke - (hkk),Christianity - Non-Evangelical Protestant,Hunjara,-8.9214,147.8703
4728,Papua New Guinea,Idi,2900,Idi - (idi),Christianity - Evangelical Protestant,Idi,-8.75976,142.30075
4729,Papua New Guinea,Igana,350,Igana - (igg),Christianity - Evangelical Protestant,Igana,-4.70942,144.84075
4730,Papua New Guinea,Igom,3100,Kanggape - (igm),Christianity - Evangelical Protestant,Igom,-4.4153,144.81601
4731,Papua New Guinea,Igora,2000,Kakabai - (kqf),Christianity - Non-Evangelical Protestant,Igora,-10.29763,150.02702
4732,Papua New Guinea,Ikobi-Mena,1100,Ikobi - (meb),Christianity - Evangelical Protestant,Ikobi-Mena,-7.18734,143.312197
4733,Papua New Guinea,Ikundun,3100,Anamgura - (imi),Christianity - Non-Evangelical Protestant,Ikundun,-4.63762,144.99148
4734,Papua New Guinea,Imbinis,1800,Pagi - (pgi),Christianity - Roman Catholic,Imbinis,-2.962,141.378
4735,Papua New Guinea,Imbongu,74500,Imbongu - (imo),Christianity - Evangelical Protestant,Imbongu,-6.211993,144.029323
4736,Papua New Guinea,Imonda,550,Imonda - (imn),Christianity - Evangelical Protestant,Imonda,-3.31228,141.1713
4737,Papua New Guinea,Ipiko,550,Ipiko - (ipo),Christianity - Evangelical Protestant,Ipiko,-7.37424,144.8632
4738,Papua New Guinea,Ipili,45500,Ipili - (ipi),Christianity - Evangelical Protestant,Ipili,-5.42586,143.08884
4739,Papua New Guinea,Irumu,1800,Tuma-Irumu - (iou),Christianity - Non-Evangelical Protestant,Irumu,-6.29221,146.60922
4740,Papua New Guinea,Isabi,800,Isabi - (isa),Christianity - Evangelical Protestant,Isabi,-5.83809,145.46204
4741,Papua New Guinea,Isan,11500,Yopno - (yut),Christianity - Evangelical Protestant,Isan,-5.978888,146.645484
4742,Papua New Guinea,Isebe,2600,Isebe - (igo),Christianity - Evangelical Protestant,Isebe,-5.20719,145.69081
4743,Papua New Guinea,Iteri,1000,Iteri - (itr),Ethnic Religion,Iteri,-4.070181,141.561416
4744,Papua New Guinea,Itutang,600,Inapang - (mzu),Ethnic Religion,Itutang,-4.61602,144.88352
4745,Papua New Guinea,Ivanga,1800,Lamogai - (lmg),Christianity - Roman Catholic,Ivanga,-5.836962,149.32156
4746,Papua New Guinea,Ivori,2300,Tainae - (ago),Ethnic Religion,Ivori,-7.40306,145.68228
4747,Papua New Guinea,Iwal,2800,Iwal - (kbm),Christianity - Evangelical Protestant,Iwal,-7.20938,146.98309
4748,Papua New Guinea,Iwam,6100,Iwam - (iwm),Christianity - Evangelical Protestant,Iwam,-4.27346,141.81705
4749,Papua New Guinea,Jilim,1100,Jilim - (jil),Christianity - Evangelical Protestant,Jilim,-5.55252,145.737628
4750,Papua New Guinea,Jimajima,1300,Dima - (jma),Christianity - Evangelical Protestant,Jimajima,-9.70322,149.60524
4751,Papua New Guinea,Kabiano,1500,Niksek - (gbe),Ethnic Religion,Kabiano,-4.82581,142.45009
4752,Papua New Guinea,Kaeti,900,Mandobo Bawah - (bwp),Christianity - Non-Evangelical Protestant,Mandobo Atas,-6.8512,140.9369
4753,Papua New Guinea,Kaiep,700,Kaiep - (kbw),Christianity - Evangelical Protestant,Kaiep,-3.70524,143.88443
4754,Papua New Guinea,Kaikovu,2200,Kanasi - (soq),Christianity - Evangelical Protestant,Kaikovu,-10.158715,149.914652
4755,Papua New Guinea,Kairak,1200,Kairak - (ckr),Ethnic Religion,Kairak,-4.46941,151.98005
4756,Papua New Guinea,Kairi,2500,Rumu - (klq),Christianity - Non-Evangelical Protestant,Kairi,-7.17149,144.17851
4757,Papua New Guinea,Kairiru,9900,Kairiru - (kxa),Christianity - Roman Catholic,Kairiru,-3.34608,143.5576
4758,Papua New Guinea,Kaliai,4400,Lusi - (khl),Christianity - Evangelical Protestant,Kaliai,-5.55033,149.14807
4759,Papua New Guinea,Kalokalo,1800,Koluwawa - (klx),Christianity - Non-Evangelical Protestant,Kalokalo,-9.42742,150.46185
4760,Papua New Guinea,Kalou,2200,Kalou - (ywa),Ethnic Religion,Kalou,-3.937457,142.204084
4761,Papua New Guinea,Kamano,111000,Kamano - (kbq),Christianity - Evangelical Protestant,Kamano,-6.25829,145.72827
4762,Papua New Guinea,Kamasa,70,Kamasa - (klp),Christianity - Evangelical Protestant,Kamasa,-6.96411,146.20897
4763,Papua New Guinea,Kamasau,1600,Kamasau - (kms),Christianity - Roman Catholic,Kamasau,-3.8503,143.84222
4764,Papua New Guinea,Kambaira,500,Kambaira - (kyy),Christianity - Evangelical Protestant,Kambaira,-6.26656,146.08346
4765,Papua New Guinea,Kamberataro,1200,Dera (Indonesia) - (kbv),Christianity - Roman Catholic,Kamberataro,-3.58169,141.0785
4766,Papua New Guinea,Kambot,13500,Ap Ma - (kbx),Christianity - Roman Catholic,Kambot,-4.35147,144.08524
4767,Papua New Guinea,Kamnum,850,Awtuw - (kmn),Christianity - Roman Catholic,Kamnum,-3.60472,141.981362
4768,Papua New Guinea,Kamura,1600,Kamula - (xla),Ethnic Religion,Kamura,-7.28798,142.63931
4769,Papua New Guinea,Kandas,1800,Kandas - (kqw),Christianity - Evangelical Protestant,Kandas,-4.3652,152.7808
4770,Papua New Guinea,Kaningra,550,Kaningra - (knr),Christianity - Roman Catholic,Kaningra,-4.49681,143.1918
4771,Papua New Guinea,Kanite,18000,Kanite - (kmu),Christianity - Evangelical Protestant,Kanite,-6.38841,145.55598
4772,Papua New Guinea,Kanum,450,Ngkâlmpw Kanum - (kcd),Ethnic Religion,Kanum,-8.6243,141.0797
4773,Papua New Guinea,Kapau,91500,Hamtai - (hmt),Christianity - Evangelical Protestant,Kapau,-7.54975,146.22672
4774,Papua New Guinea,Kapriman,2900,Kapriman - (dju),Christianity - Evangelical Protestant,Kapriman,-4.51011,143.24107
4775,Papua New Guinea,Kara,10000,Kara (Papua New Guinea) - (leu),Christianity - Evangelical Protestant,Kara,-2.81957,151.11092
4776,Papua New Guinea,Karam,34000,Kalam - (kmh),Christianity - Evangelical Protestant,Karam,-5.25216,144.58514
4777,Papua New Guinea,Karangi,600,Weliki - (klh),Christianity - Evangelical Protestant,Karangi,-5.98588,147.13733
4778,Papua New Guinea,Karawa,1100,Karawa - (xrw),Ethnic Religion,Karawa,-3.69933,142.01835
4779,Papua New Guinea,Kare,1100,Kare (Papua New Guinea) - (kmf),Christianity - Evangelical Protestant,Kare,-5.07674,145.49889
4780,Papua New Guinea,Karkar,2500,Karkar-Yuri - (yuj),Christianity - Evangelical Protestant,Karkar,-3.74954,141.09822
4781,Papua New Guinea,Karore,900,Karore - (xkx),Christianity - Evangelical Protestant,Karore,-6.15563,149.90664
4782,Papua New Guinea,Karua,3700,Bola - (bnp),Christianity - Roman Catholic,Karua,-5.370624,150.045568
4783,Papua New Guinea,Kasua,1500,Kasua - (khs),Christianity - Evangelical Protestant,Kasua,-6.64861,142.99338
4784,Papua New Guinea,Kate,26500,Kâte - (kmg),Christianity - Evangelical Protestant,Kate,-6.4795,147.75695
4785,Papua New Guinea,Katiati,9300,Mum - (kqa),Christianity - Roman Catholic,Katiati,-4.83462,145.05864
4786,Papua New Guinea,Katinja,3400,Angal Heneng - (akh),Christianity - Non-Evangelical Protestant,Katinja,-6.070582,143.520591
4787,Papua New Guinea,Kaugel,60000,Umbu-Ungu - (ubu),Christianity - Non-Evangelical Protestant,Kaugel,-5.9513,143.96989
4788,Papua New Guinea,Kavwol,650,Faiwol - (fai),Christianity - Non-Evangelical Protestant,Kavwol,-4.994798,141.152525
4789,Papua New Guinea,Kawacha,90,Kawacha - (kcb),Christianity - Evangelical Protestant,Kawacha,-6.96411,146.20897
4790,Papua New Guinea,Kayan,900,Kaian - (kct),Christianity - Evangelical Protestant,Kayan,-4.06543,144.75613
4791,Papua New Guinea,Kela,2900,Kela (Papua New Guinea) - (kcl),Christianity - Evangelical Protestant,Kela,-7.47103,147.1729
4792,Papua New Guinea,Kelana,1300,Gitua - (ggt),Christianity - Evangelical Protestant,Kelana,-6.0151,147.48522
4793,Papua New Guinea,Kenati,2300,Kenati - (gat),Christianity - Evangelical Protestant,Kenati,-6.74765,145.8806
4794,Papua New Guinea,Kenele,1100,Kyenele - (kql),Christianity - Evangelical Protestant,Kenele,-4.612495,143.845487
4795,Papua New Guinea,Keopara,17000,Keapara - (khz),Christianity - Evangelical Protestant,Keopara,-10.112012,148.087146
4796,Papua New Guinea,Kerewo,7300,Kerewo - (kxz),Christianity - Evangelical Protestant,Kerewo,-7.551,144.3085
4797,Papua New Guinea,Kesawai,1300,Kesawai - (xes),Christianity - Evangelical Protestant,Kesawai,-5.76797,145.5796
4798,Papua New Guinea,Keuru,13000,Keoru-Ahia - (xeu),Christianity - Evangelical Protestant,Keuru,-7.63603,145.41549
4799,Papua New Guinea,Kewieng,2300,Yopno - (yut),Christianity - Evangelical Protestant,Kewieng,-5.953424,146.562379
4800,Papua New Guinea,Keyagana,34500,Keyagana - (kyg),Christianity - Evangelical Protestant,Keyagana,-6.47599,145.46423
4801,Papua New Guinea,Kibiri,1600,Kibiri - (prm),Christianity - Evangelical Protestant,Kibiri,-7.45276,144.29554
4802,Papua New Guinea,"Kilmeri, Isi",2300,Kilmeri - (kih),Christianity - Non-Evangelical Protestant,"Kilmeri, Isi",-2.920366,141.295764
4803,Papua New Guinea,"Kilmeri, Osima",1100,Kilmeri - (kih),Christianity - Non-Evangelical Protestant,"Kilmeri, Ossima",-2.904576,141.220564
4804,Papua New Guinea,Kinalakna,550,Kinalakna - (kco),Christianity - Evangelical Protestant,Kinalakna,-6.05862,147.44249
4805,Papua New Guinea,Kire-Puire,4000,Kire - (geb),Christianity - Evangelical Protestant,Kire-Puire,-4.25927,144.71096
4806,Papua New Guinea,Kiriwina,35000,Kilivila - (kij),Christianity - Evangelical Protestant,Kiriwina,-8.72574,151.0724
4807,Papua New Guinea,Kis,400,Kis - (kis),Christianity - Evangelical Protestant,Kis,-3.83909,143.95983
4808,Papua New Guinea,Kobon,14500,Kobon - (kpw),Christianity - Evangelical Protestant,Kobon,-5.16446,144.45995
4809,Papua New Guinea,Koguman,1200,Kobol - (kgu),Christianity - Evangelical Protestant,Koguman,-4.79614,145.2836
4810,Papua New Guinea,Koita,4700,Koitabu - (kqi),Christianity - Evangelical Protestant,Koita,-9.36877,147.07916
4811,Papua New Guinea,Koiwat,1500,Koiwat - (kxt),Christianity - Evangelical Protestant,Koiwat,-4.03417,143.61954
4812,Papua New Guinea,Kol,9000,Kol (Papua New Guinea) - (kol),Christianity - Roman Catholic,"Kol, Kole",-5.21042,151.58274
4813,Papua New Guinea,Kolom,800,Migum - (klm),Christianity - Evangelical Protestant,Kolom,-5.57832,146.21223
4814,Papua New Guinea,Komba,26500,Komba - (kpf),Christianity - Evangelical Protestant,Komba,-6.16163,147.27997
4815,Papua New Guinea,Kombio,4900,Kombio - (xbi),Christianity - Evangelical Protestant,Kombio,-3.48467,142.69357
4816,Papua New Guinea,Kominimung,550,Kominimung - (xoi),Christianity - Evangelical Protestant,Kominimung,-4.68537,144.78262
4817,Papua New Guinea,Komutu,1300,Nukna - (klt),Christianity - Evangelical Protestant,Komutu,-6.0177,146.9685
4818,Papua New Guinea,Konai,1400,Konai - (kxw),Ethnic Religion,"Konai, Mirapmin",-5.663803,142.132173
4819,Papua New Guinea,Konomala,2000,Konomala - (koa),Christianity - Roman Catholic,Konomala,-4.16184,152.87049
4820,Papua New Guinea,Kopar,650,Kopar - (xop),Christianity - Non-Evangelical Protestant,Kopar,-3.98259,144.46567
4821,Papua New Guinea,Korak,850,Korak - (koz),Christianity - Roman Catholic,Korak,-4.5998,145.51352
4822,Papua New Guinea,Korape,4600,Korafe-Yegha - (kpr),Christianity - Evangelical Protestant,Korape,-9.0438,149.2927
4823,Papua New Guinea,Koro,1100,Koro (Papua New Guinea) - (kxr),Christianity - Roman Catholic,Koro,-2.03429,147.14267
4824,Papua New Guinea,Kosena,4800,Kosena - (kze),Christianity - Non-Evangelical Protestant,Kosena,-6.46414,145.66048
4825,Papua New Guinea,Kosorong,3700,Borong - (ksr),Ethnic Religion,Kosorong,-6.56688,147.511
4826,Papua New Guinea,Kovai,8000,Kovai - (kqb),Christianity - Evangelical Protestant,Kovai,-5.61712,147.86159
4827,Papua New Guinea,Kove,15000,Kove - (kvc),Christianity - Evangelical Protestant,Kove,-5.58623,149.62968
4828,Papua New Guinea,Kowaki,45,Kowaki - (xow),Christianity - Evangelical Protestant,Kowaki,-4.63032,145.41193
4829,Papua New Guinea,Krisa,700,Krisa - (ksi),Christianity - Evangelical Protestant,Krisa,-2.80084,141.30335
4830,Papua New Guinea,Kukuya,5400,Minaveha - (mvn),Christianity - Evangelical Protestant,Kukuya,-9.618151,150.439009
4831,Papua New Guinea,Kumai,7900,Wahgi - (wgi),Christianity - Non-Evangelical Protestant,Kumai,-5.878181,144.703726
4832,Papua New Guinea,Kumalu,8000,Kumalu - (ksl),Christianity - Non-Evangelical Protestant,Kumalu,-7.1135,146.57028
4833,Papua New Guinea,Kumukio,1800,Kumukio - (kuo),Christianity - Evangelical Protestant,Kumukio,-6.03128,147.41094
4834,Papua New Guinea,Kuni,10000,Kuni - (kse),Christianity - Roman Catholic,Kuni,-8.621479,146.820891
4835,Papua New Guinea,Kunimaipa,21000,Kunimaipa - (kup),Christianity - Evangelical Protestant,Kunimaipa,-8.0801,146.8616
4836,Papua New Guinea,Kurada,2500,'Auhelawa - (kud),Christianity - Evangelical Protestant,Kurada,-10.09588,151.00206
4837,Papua New Guinea,Kuruti-Pare,5300,Kurti - (ktm),Christianity - Roman Catholic,Kuruti-Pare,-2.01187,147.03608
4838,Papua New Guinea,Kwale,4500,Uare - (ksj),Christianity - Evangelical Protestant,Kwale,-9.69571,147.68747
4839,Papua New Guinea,Kware,1400,Kwer - (kwr),Ethnic Religion,Kware,-6.66077,142.861786
4840,Papua New Guinea,Kwasengen,16000,Hanga Hundi - (wos),Christianity - Evangelical Protestant,Kwasengen,-3.90364,142.84869
4841,Papua New Guinea,Kwato,2200,Waube - (kop),Christianity - Evangelical Protestant,Kwato,-5.53799,145.62866
4842,Papua New Guinea,Kwomtari,1200,Kwomtari - (kwo),Ethnic Religion,Kwomtari,-3.50718,141.48797
4843,Papua New Guinea,Label,450,Label - (lbb),Christianity - Evangelical Protestant,Label,-4.46971,152.67791
4844,Papua New Guinea,Labu,3800,Labu - (lbu),Christianity - Evangelical Protestant,Labu,-6.763,146.953
4845,Papua New Guinea,Laeko-Libuat,1200,Laeko-Libuat - (lkl),Christianity - Roman Catholic,Laeko-Libuat,-3.69618,142.23664
4846,Papua New Guinea,Laewomba,12000,Wampar - (lbq),Christianity - Evangelical Protestant,Laewomba,-6.67364,146.66168
4847,Papua New Guinea,Lamogai,7600,Lamogai - (lmg),Christianity - Evangelical Protestant,Lamogai,-6.05218,149.337673
4848,Papua New Guinea,Langam,700,Langam - (lnm),Ethnic Religion,Langam,-4.32557,143.92483
4849,Papua New Guinea,Latep,850,Zenag - (zeg),Christianity - Evangelical Protestant,Latep,-7.162331,146.570942
4850,Papua New Guinea,Latoma,450,Sumariup - (siv),Ethnic Religion,Latoma,-4.728836,143.245938
4851,Papua New Guinea,Lavatbura-Lamusong,4600,Lavatbura-Lamusong - (lbv),Christianity - Evangelical Protestant,Lavatbura-Lamusong,-3.21903,151.72789
4852,Papua New Guinea,Lavongai,29000,Tungag - (lcm),Christianity - Evangelical Protestant,Lavongai,-2.52188,150.19803
4853,Papua New Guinea,Lele,3600,Lele (Papua New Guinea) - (lle),Christianity - Evangelical Protestant,Lele,-2.04783,147.20745
4854,Papua New Guinea,Lembena,3100,Lembena - (leq),Ethnic Religion,Lembena,-4.99504,143.89062
4855,Papua New Guinea,Lemio,450,Lemio - (lei),Christianity - Evangelical Protestant,Lemio,-5.61407,146.44079
4856,Papua New Guinea,Lenkau,700,Lenkau - (ler),Christianity - Evangelical Protestant,Lenkau,-2.33367,147.74163
4857,Papua New Guinea,Lesing,3400,Lesing-Gelimi - (let),Christianity - Evangelical Protestant,Lesing,-6.201447,150.501479
4858,Papua New Guinea,Levei-Narehat,3600,Khehek - (tlx),Christianity - Roman Catholic,Levei-Narehat,-2.06626,146.74577
4859,Papua New Guinea,Lewaea-Dewara,1500,Makayam - (aup),Christianity - Evangelical Protestant,Lewaea-Dewara,-8.3385,142.7791
4860,Papua New Guinea,Lihir,22000,Lihir - (lih),Christianity - Evangelical Protestant,Lihir,-3.18895,152.60632
4861,Papua New Guinea,Likum,150,Likum - (lib),Christianity - Roman Catholic,Likum,-2.16157,146.69477
4862,Papua New Guinea,Lilau,1300,Lilau - (lll),Christianity - Evangelical Protestant,Lilau,-4.35479,144.98971
4863,Papua New Guinea,Lindrou,8500,Nyindrou - (lid),Christianity - Evangelical Protestant,Lindrou,-2.1143,146.62734
4864,Papua New Guinea,Lohiki,1600,Akoye - (miw),Christianity - Evangelical Protestant,Lohiki,-7.66067,145.66943
4865,Papua New Guinea,Loko,10000,Gimi (West New Britain) - (gip),Christianity - Evangelical Protestant,Loko,-6.02464,149.47823
4866,Papua New Guinea,Loniu,1400,Loniu - (los),Christianity - Evangelical Protestant,Loniu,-2.06124,147.34952
4867,Papua New Guinea,Lou,2200,Lou - (loj),Christianity - Evangelical Protestant,Lou,-2.38659,147.34554
4868,Papua New Guinea,Lower Morehead,475,Kunja - (pep),Ethnic Religion,Kunja,-8.92289,141.42387
4869,Papua New Guinea,Lugitama,1500,Pahi - (lgt),Christianity - Evangelical Protestant,Lugitama,-3.79935,142.29906
4870,Papua New Guinea,Lukep,1800,Arop-Lokep - (apr),Christianity - Evangelical Protestant,Lukep,-5.4805,147.7708
4871,Papua New Guinea,Madak,7700,Madak - (mmx),Christianity - Evangelical Protestant,Madak,-3.34342,151.96672
4872,Papua New Guinea,Magori,700,Magori - (zgr),Christianity - Evangelical Protestant,Magori,-10.23207,149.26034
4873,Papua New Guinea,Mailu,17500,Mailu - (mgu),Christianity - Evangelical Protestant,Mailu,-10.293692,149.336914
4874,Papua New Guinea,Maisin,2800,Maisin - (mbq),Christianity - Evangelical Protestant,Maisin,-9.22853,148.73057
4875,Papua New Guinea,Maiwa,2800,Maiwa (Papua New Guinea) - (mti),Christianity - Evangelical Protestant,Maiwa,-9.69836,149.27394
4876,Papua New Guinea,Makarim,4500,Beli (Papua New Guinea) - (bey),Christianity - Evangelical Protestant,Makarim,-3.720514,142.328423
4877,Papua New Guinea,Malalamai,1200,Malalamai - (mmt),Christianity - Evangelical Protestant,Malalamai,-5.77495,146.64168
4878,Papua New Guinea,Malas,1100,Malas - (mkr),Christianity - Roman Catholic,Malas,-4.76685,145.621
4879,Papua New Guinea,Malasanga,1600,Pano - (mqz),Christianity - Evangelical Protestant,Malasanga,-5.9401,147.05778
4880,Papua New Guinea,Male,1600,Male (Papua New Guinea) - (mdc),Christianity - Evangelical Protestant,"Male, Koliku",-5.495666,145.754231
4881,Papua New Guinea,Maleu,11500,Maleu-Kilenge - (mgl),Christianity - Evangelical Protestant,Maleu,-5.61613,148.44535
4882,Papua New Guinea,Malol,5000,Malol - (mbk),Christianity - Roman Catholic,Malon,-3.11695,142.24388
4883,Papua New Guinea,Mamaa,600,Mamaa - (mhf),Christianity - Evangelical Protestant,Mamaa,-6.35558,146.57572
4884,Papua New Guinea,Mamusi,9000,Mamusi - (kdf),Christianity - Roman Catholic,Mamusi,-5.84776,151.03275
4885,Papua New Guinea,Managalasi,17500,Ese - (mcq),Christianity - Evangelical Protestant,Managalasi,-9.09451,148.37594
4886,Papua New Guinea,Manam,13000,Manam - (mva),Christianity - Evangelical Protestant,Manam,-4.07921,145.03346
4887,Papua New Guinea,Manambu,3500,Manambu - (mle),Christianity - Roman Catholic,Manambu,-4.262189,142.754264
4888,Papua New Guinea,Mandi,450,Wiarumus - (tua),Christianity - Evangelical Protestant,Mandi,-3.63409,143.75606
4889,Papua New Guinea,Manem,1100,Manem - (jet),Ethnic Religion,Manem,-2.99145,141.01991
4890,Papua New Guinea,Mangga Buang,2000,Mangga Buang - (mmo),Christianity - Evangelical Protestant,Mangga Buang,-6.99891,146.68468
4891,Papua New Guinea,Mape,15500,Mape - (mlh),Christianity - Evangelical Protestant,Mape,-6.59318,147.6816
4892,Papua New Guinea,Mapena,950,Mapena - (mnm),Christianity - Evangelical Protestant,Mapena,-9.77803,149.49456
4893,Papua New Guinea,Maralango,550,South Watut - (mcy),Christianity - Evangelical Protestant,Maralango,-6.963376,146.37012
4894,Papua New Guinea,Maraliinan,3300,Middle Watut - (mpl),Christianity - Evangelical Protestant,Maraliinan,-6.81404,146.32061
4895,Papua New Guinea,Maramba,850,Angoram - (aog),Ethnic Religion,Maramba,-4.23908,143.73489
4896,Papua New Guinea,Mari,1400,Mari (Madang Province) - (hob),Ethnic Religion,Mari,-5.970793,145.837583
4897,Papua New Guinea,Maria,2600,Maria (Papua New Guinea) - (mds),Christianity - Evangelical Protestant,Maria,-9.92982,148.30311
4898,Papua New Guinea,Maring,22500,Maring - (mbw),Christianity - Evangelical Protestant,"Maring, Yoadabe-Watoare",-5.44015,144.64232
4899,Papua New Guinea,Masegi,5100,Mangseng - (mbh),Christianity - Evangelical Protestant,Masegi,-5.89752,150.67987
4900,Papua New Guinea,Mataru,2200,Wagi - (fad),Christianity - Evangelical Protestant,Mataru,-5.178309,145.769864
4901,Papua New Guinea,Matepi,450,Matepi - (mqe),Christianity - Evangelical Protestant,Matepi,-5.13857,145.61732
4902,Papua New Guinea,Matukar,700,Matukar - (mjk),Christianity - Evangelical Protestant,Matukar,-4.9078,145.77862
4903,Papua New Guinea,Mawae,2900,Zia - (zia),Christianity - Evangelical Protestant,Mawae,-7.970552,147.445434
4904,Papua New Guinea,Mawak,45,Mawak - (mjj),Christianity - Evangelical Protestant,Mawak,-4.61817,145.28314
4905,Papua New Guinea,Mawan,750,Mawan - (mcz),Christianity - Evangelical Protestant,Mawan,-5.2219,145.58867
4906,Papua New Guinea,Mayo,3500,Yessan-Mayo - (yss),Christianity - Evangelical Protestant,Mayo-Yessan,-4.15721,142.57362
4907,Papua New Guinea,Mbula,6500,Mbula - (mna),Christianity - Evangelical Protestant,Mbula,-5.66965,148.04113
4908,Papua New Guinea,Mebu,950,Ma (Papua New Guinea) - (mjn),Ethnic Religion,Mebu,-5.73869,146.3638
4909,Papua New Guinea,Medebur,850,Medebur - (mjm),Christianity - Evangelical Protestant,Medebur,-4.49918,145.42468
4910,Papua New Guinea,Medlpa,293000,Melpa - (med),Christianity - Evangelical Protestant,Medlpa,-5.62644,144.33974
4911,Papua New Guinea,Megiar,2400,Takia - (tbc),Christianity - Evangelical Protestant,"Takia, Megiar",-4.814585,145.756213
4912,Papua New Guinea,Mehek,14000,Mehek - (nux),Christianity - Evangelical Protestant,Mehek,-3.70927,142.49818
4913,Papua New Guinea,Mekeo,18000,Mekeo - (mek),Christianity - Evangelical Protestant,Mekeo,-8.537,146.5627
4914,Papua New Guinea,Mekmek,2900,Mekmek - (mvk),Ethnic Religion,Mekmek,-4.47017,143.75002
4915,Papua New Guinea,Mena,950,Ikobi - (meb),Christianity - Evangelical Protestant,Mena,-7.07843,143.16282
4916,Papua New Guinea,Mengen,12500,Mengen - (mee),Christianity - Roman Catholic,Mengen,-5.4016,151.2707
4917,Papua New Guinea,Menya,40500,Menya - (mcr),Christianity - Non-Evangelical Protestant,Menya,-7.17425,146.07051
4918,Papua New Guinea,Meramera,4300,Meramera - (mxm),Christianity - Non-Evangelical Protestant,Meramera,-4.97468,151.52804
4919,Papua New Guinea,Mesem,8300,Mese - (mci),Christianity - Non-Evangelical Protestant,Mesem,-6.56072,147.13705
4920,Papua New Guinea,Mian,4500,Golin - (gvf),Christianity - Non-Evangelical Protestant,"Mian, Bush People",-4.765,141.4395
4921,Papua New Guinea,Mianmin,6200,Mian - (mpt),Christianity - Non-Evangelical Protestant,Mianmin,-4.70881,141.52283
4922,Papua New Guinea,Midsivindi,2000,Inapang - (mzu),Christianity - Roman Catholic,Midsivindi,-4.67614,144.89979
4923,Papua New Guinea,Migabac,3500,Migabac - (mpp),Christianity - Non-Evangelical Protestant,Migabac,-6.33237,147.71314
4924,Papua New Guinea,Mikarew,18500,Aruamu - (msy),Christianity - Roman Catholic,Mikarew,-4.28957,144.84163
4925,Papua New Guinea,Minanibai,850,Minanibai - (mcv),Christianity - Non-Evangelical Protestant,Minanibai,-7.61717,144.01087
4926,Papua New Guinea,Mindiri,20,Mindiri - (mpn),Christianity - Non-Evangelical Protestant,Mindiri,-5.54613,146.13772
4927,Papua New Guinea,Mineveha,3300,Minaveha - (mvn),Christianity - Non-Evangelical Protestant,"Mineveha, Minavega",-9.612122,150.487362
4928,Papua New Guinea,Minigir,1200,Lungalunga - (vmg),Christianity - Non-Evangelical Protestant,Minigir,-4.212,151.99
4929,Papua New Guinea,Miriam,550,Meriam Mir - (ulk),Christianity - Non-Evangelical Protestant,Miriam,-9.13157,143.205902
4930,Papua New Guinea,Misim,750,Hote - (hot),Christianity - Non-Evangelical Protestant,Misim,-7.03736,146.887193
4931,Papua New Guinea,Misima-Paneati,22500,Misima-Panaeati - (mpx),Christianity - Non-Evangelical Protestant,Misima-Paneati,-10.68215,152.69631
4932,Papua New Guinea,Mitang,1000,Nabi - (mty),Christianity - Non-Evangelical Protestant,Mitang,-3.55223,142.354945
4933,Papua New Guinea,Miu,700,Miu - (mpo),Christianity - Non-Evangelical Protestant,Miu,-5.996,149.584
4934,Papua New Guinea,Miyak,1000,Kyenele - (kql),Ethnic Religion,Miyak,-4.812387,143.912582
4935,Papua New Guinea,Moere,80,Moere - (mvq),Christianity - Non-Evangelical Protestant,Moere,-4.62246,145.45828
4936,Papua New Guinea,Moewehafen,8300,Aiklep - (mwg),Christianity - Non-Evangelical Protestant,Moewehafen,-6.23575,149.57082
4937,Papua New Guinea,Moikodi,1600,Moikodi - (mkp),Christianity - Non-Evangelical Protestant,Moikodi,-9.60232,148.31167
4938,Papua New Guinea,Mok,1700,Mouk-Aria - (mwh),Christianity - Non-Evangelical Protestant,Mouk-Aria,-5.71155,149.15759
4939,Papua New Guinea,Mokerang,550,Mokerang - (mft),Christianity - Roman Catholic,Mokerang,-2.01602,147.42308
4940,Papua New Guinea,Molima,9900,Molima - (mox),Christianity - Non-Evangelical Protestant,Molima,-9.545746,150.629245
4941,Papua New Guinea,Momole,1100,Kâte - (kmg),Christianity - Non-Evangelical Protestant,Momole,-6.3409,147.79047
4942,Papua New Guinea,Mondropolon,850,Mondropolon - (npn),Christianity - Roman Catholic,Mondropolon,-2.01359,146.93094
4943,Papua New Guinea,Mongol,550,Mongol - (mgt),Ethnic Religion,Mongol (Papua New Guinea),-4.30038,143.96513
4944,Papua New Guinea,Monumbo,700,Monumbo - (mxk),Christianity - Non-Evangelical Protestant,Monumbo,-4.2717,144.95019
4945,Papua New Guinea,Morafa,2100,Asaro'o - (mtv),Christianity - Non-Evangelical Protestant,Morafa,-5.68263,146.50794
4946,Papua New Guinea,Morawa,2600,Morawa - (mze),Christianity - Non-Evangelical Protestant,Morawa,-10.13213,148.67103
4947,Papua New Guinea,Morigi Islander,2300,Morigi - (mdb),Christianity - Non-Evangelical Protestant,Morigi Islander,-7.62961,143.87996
4948,Papua New Guinea,Moromiranga,900,Arop-Lokep - (apr),Christianity - Non-Evangelical Protestant,Moromiranga,-5.436624,147.136853
4949,Papua New Guinea,Mosimo,80,Mosimo - (mqv),Christianity - Non-Evangelical Protestant,Mosimo,-4.95226,145.6054
4950,Papua New Guinea,Motu,55000,Motu - (meu),Christianity - Non-Evangelical Protestant,Motu,-9.67492,147.42357
4951,Papua New Guinea,Mountain Arapesh,26500,Bukiyip - (ape),Christianity - Non-Evangelical Protestant,Mountain Arapesh,-3.47169,143.11061
4952,Papua New Guinea,Mountain Koiari,5600,Mountain Koiali - (kpx),Christianity - Non-Evangelical Protestant,Mountain Koiari,-9.06973,147.38403
4953,Papua New Guinea,Mugil,6200,Bargam - (mlp),Christianity - Roman Catholic,Mugil,-4.838,145.779
4954,Papua New Guinea,Mukawa,4300,Are - (mwc),Christianity - Non-Evangelical Protestant,Mukawa,-9.67147,149.9994
4955,Papua New Guinea,Munit,1500,Munit - (mtc),Christianity - Non-Evangelical Protestant,Munit,-5.24329,145.54813
4956,Papua New Guinea,Muniwara,2500,Juwal - (mwb),Christianity - Non-Evangelical Protestant,Muniwara,-3.78596,143.68068
4957,Papua New Guinea,Munkip,950,Mungkip - (mpv),Christianity - Non-Evangelical Protestant,Munkip,-6.47855,146.712192
4958,Papua New Guinea,Murik,1700,Murik (Papua New Guinea) - (mtf),Christianity - Evangelical Protestant,Murik,-3.86959,144.16627
4959,Papua New Guinea,Murisapa,550,Moresada - (msx),Christianity - Non-Evangelical Protestant,Murisapa,-4.57497,144.98806
4960,Papua New Guinea,Murupi,850,Murupi - (mqw),Christianity - Non-Evangelical Protestant,Murupi,-5.0245,145.60578
4961,Papua New Guinea,Musak,1000,Musak - (mmq),Christianity - Non-Evangelical Protestant,Musak,-5.37407,145.19695
4962,Papua New Guinea,Musan,325,Siawi - (mmp),Ethnic Religion,Musan,-4.05312,141.4197
4963,Papua New Guinea,Musom,350,Musom - (msu),Christianity - Non-Evangelical Protestant,Musom,-6.53817,146.93016
4964,Papua New Guinea,Muyuw,12000,Muyuw - (myw),Christianity - Non-Evangelical Protestant,Muyuw,-9.195,152.73124
4965,Papua New Guinea,Mwatebu,225,Mwatebu - (mwa),Christianity - Non-Evangelical Protestant,Mwatebu,-10.0271,151.06551
4966,Papua New Guinea,Nabak,35500,Nabak - (naf),Christianity - Evangelical Protestant,Nabak,-6.42709,146.96615
4967,Papua New Guinea,Nagatman,1400,Yale - (nce),Ethnic Religion,Nagatman,-3.745,141.474
4968,Papua New Guinea,Naho,11500,Iyo - (nca),Christianity - Non-Evangelical Protestant,Naho,-5.84161,146.09235
4969,Papua New Guinea,Nakama,2800,Nakame - (nib),Christianity - Non-Evangelical Protestant,Nakama,-6.404108,146.803623
4970,Papua New Guinea,Nake,500,Nake - (nbk),Christianity - Non-Evangelical Protestant,Nake,-5.09087,145.65515
4971,Papua New Guinea,Nalik,12500,Nalik - (nal),Christianity - Non-Evangelical Protestant,Nalik,-2.94411,151.33183
4972,Papua New Guinea,Nali-Yiru,4400,Nali - (nss),Christianity - Non-Evangelical Protestant,Nali-Yiru,-2.185769,147.203871
4973,Papua New Guinea,Namau,17000,Purari - (iar),Christianity - Non-Evangelical Protestant,Namau,-7.59133,145.03551
4974,Papua New Guinea,Namie,8800,Namia - (nnm),Christianity - Non-Evangelical Protestant,Namie,-3.887632,141.795884
4975,Papua New Guinea,Nankina,5600,Nankina - (nnk),Christianity - Non-Evangelical Protestant,Nankina,-5.80804,146.46444
4976,Papua New Guinea,Nara,4300,Lala - (nrz),Christianity - Non-Evangelical Protestant,Nara,-8.93195,146.749
4977,Papua New Guinea,Narak,11000,Narak - (nac),Christianity - Non-Evangelical Protestant,Narak,-5.5591,144.75421
4978,Papua New Guinea,Nauna,175,Nauna - (ncn),Christianity - Non-Evangelical Protestant,Nauna,-2.21213,148.20067
4979,Papua New Guinea,Nawaru,425,Nawaru - (nwr),Christianity - Non-Evangelical Protestant,Nawaru,-9.37935,148.23654
4980,Papua New Guinea,Nek,2600,Nek - (nif),Christianity - Non-Evangelical Protestant,Nek,-6.37697,146.84135
4981,Papua New Guinea,Nekgini,1200,Nekgini - (nkg),Christianity - Non-Evangelical Protestant,Nekgini,-5.64364,146.25283
4982,Papua New Guinea,Neko,1100,Neko - (nej),Christianity - Non-Evangelical Protestant,Neko,-5.60034,146.30617
4983,Papua New Guinea,Nembi,59500,Angal Enen - (aoe),Christianity - Non-Evangelical Protestant,Nembi,-6.278241,143.604242
4984,Papua New Guinea,Nenaya,1200,Mato - (met),Christianity - Non-Evangelical Protestant,Nenaya,-5.91639,146.85898
4985,Papua New Guinea,Neo-Melanesian Papuan,185000,Tok Pisin - (tpi),Christianity - Non-Evangelical Protestant,Neo-Melanesian Papuan,-9.4592,147.1724
4986,Papua New Guinea,Nete,2700,Nete - (net),Christianity - Non-Evangelical Protestant,Nete,-5.02368,143.0286
4987,Papua New Guinea,Ngaing,3600,Ngaing - (nnf),Christianity - Non-Evangelical Protestant,Ngaing,-5.6513,146.34303
4988,Papua New Guinea,Ngala,300,Ngala - (nud),Ethnic Religion,"Ngala, Kara",-4.26628,142.50024
4989,Papua New Guinea,Ngalum,23500,Ngalum - (szb),Christianity - Non-Evangelical Protestant,Ngalum,-4.67682,141.03032
4990,Papua New Guinea,Ngariawan,1100,Adzera - (adz),Christianity - Non-Evangelical Protestant,Ngariawan,-6.123,146.27
4991,Papua New Guinea,Nii,27000,Nii - (nii),Christianity - Non-Evangelical Protestant,Nii,-5.838801,144.505892
4992,Papua New Guinea,Nimi,2900,Nimi - (nis),Christianity - Non-Evangelical Protestant,Nimi,-6.34065,146.67873
4993,Papua New Guinea,Nimo,700,Nimo - (niw),Christianity - Non-Evangelical Protestant,Nimo,-4.3582,141.57799
4994,Papua New Guinea,Nimowa,2700,Nimoa - (nmw),Christianity - Roman Catholic,Nimowa,-11.22974,153.1584
4995,Papua New Guinea,Ninggera,900,Ningera - (nby),Ethnic Religion,Ninggera,-2.77145,141.45416
4996,Papua New Guinea,Ninggerum,9000,Ninggerum - (nxr),Christianity - Non-Evangelical Protestant,Ninggerum,-5.269474,141.221982
4997,Papua New Guinea,Ningil,1700,Ningil - (niz),Ethnic Religion,Ningil,-3.49733,142.25055
4998,Papua New Guinea,Ninigo,2300,Seimat - (ssg),Christianity - Roman Catholic,Ninigo,-1.544,145.062
4999,Papua New Guinea,Nokopo,4700,Yopno - (yut),Christianity - Non-Evangelical Protestant,Nokopo,-5.978691,146.620217
5000,Papua New Guinea,Nomane,11500,Nomane - (nof),Christianity - Non-Evangelical Protestant,Nomane,-6.30218,145.09804
5001,Papua New Guinea,Nomu,2500,Nomu - (noh),Christianity - Non-Evangelical Protestant,Nomu,-6.10429,147.49999
5002,Papua New Guinea,North-Central Fore,28500,Fore - (for),Christianity - Non-Evangelical Protestant,North Central Fore,-6.511,145.5671
5003,Papua New Guinea,Northeast Kiwai,8000,Northeast Kiwai - (kiw),Christianity - Non-Evangelical Protestant,Northeast Kiwai,-7.39215,144.66697
5004,Papua New Guinea,Notsi,3200,Notsi - (ncf),Christianity - Non-Evangelical Protestant,Notsi,-3.0557,151.66149
5005,Papua New Guinea,Nuk,1300,Nuk - (noc),Christianity - Non-Evangelical Protestant,Nuk,-6.40741,146.8751
5006,Papua New Guinea,Numanggang,4000,Numanggang - (nop),Christianity - Non-Evangelical Protestant,Numanggang,-6.39311,146.71937
5007,Papua New Guinea,Oganibi,2200,Undetermined - (und),Ethnic Religion,Oganibi,-6.203823,141.904075
5008,Papua New Guinea,Okro,550,Nali - (nss),Christianity - Non-Evangelical Protestant,Okro,-2.12904,147.187595
5009,Papua New Guinea,Oksapmin,18000,Oksapmin - (opm),Christianity - Non-Evangelical Protestant,Oksapmin,-5.245924,142.162634
5010,Papua New Guinea,Olo,22500,Olo - (ong),Christianity - Non-Evangelical Protestant,Olo,-3.420941,142.07073
5011,Papua New Guinea,Omati,600,Mouwase - (jmw),Christianity - Non-Evangelical Protestant,Omati,-7.39808,144.00492
5012,Papua New Guinea,Omo,14000,Tigak - (tgc),Christianity - Non-Evangelical Protestant,"Tigak, Omo",-2.70951,150.89272
5013,Papua New Guinea,Omwunra-Tugura,11500,South Tairora - (omw),Christianity - Non-Evangelical Protestant,Omwunra-Tugura,-6.545994,145.97187
5014,Papua New Guinea,Onabasulu,1400,Onobasulu - (onn),Ethnic Religion,Onabasulu,-6.30876,142.77582
5015,Papua New Guinea,Onank,1200,North Watut - (una),Christianity - Non-Evangelical Protestant,Onank,-6.712556,146.430511
5016,Papua New Guinea,Onjob,275,Onjob - (onj),Christianity - Non-Evangelical Protestant,Onjob,-9.335,149.152
5017,Papua New Guinea,Ono,13000,Ono - (ons),Christianity - Non-Evangelical Protestant,Ono,-6.19223,147.57908
5018,Papua New Guinea,Ontenu,6400,Ontenu - (ont),Christianity - Non-Evangelical Protestant,Ontenu,-6.379,145.796
5019,Papua New Guinea,Opao,4000,Opao - (opo),Christianity - Non-Evangelical Protestant,Opao,-7.85988,145.75121
5020,Papua New Guinea,Orokaiva,67500,Orokaiva - (okv),Christianity - Non-Evangelical Protestant,Orokaiva,-8.761935,148.237724
5021,Papua New Guinea,Orokolo,40500,Orokolo - (oro),Christianity - Non-Evangelical Protestant,Orokolo,-7.9647,145.7779
5022,Papua New Guinea,Osum,1900,Utarmbung - (omo),Christianity - Roman Catholic,Osum,-4.82756,144.92425
5023,Papua New Guinea,Owiniga,650,Owiniga - (owi),Ethnic Religion,Owiniga,-4.47476,141.6973
5024,Papua New Guinea,Pa,4800,Pare - (ppt),Christianity - Non-Evangelical Protestant,Pa,-6.31307,141.903239
5025,Papua New Guinea,Pagi,3100,Pagi - (pgi),Christianity - Roman Catholic,"Pagi, Bembi",-2.9098,141.4215
5026,Papua New Guinea,Pai,600,Pei - (ppq),Christianity - Non-Evangelical Protestant,Pai,-4.43974,142.24694
5027,Papua New Guinea,Paiwa,4300,Gapapaiwa - (pwg),Christianity - Non-Evangelical Protestant,Paiwa,-9.73317,149.85373
5028,Papua New Guinea,Pak-Tong,3000,Pak-Tong - (pkg),Christianity - Non-Evangelical Protestant,Pak-Tong,-2.05269,147.76651
5029,Papua New Guinea,Panaras,3600,Kuot - (kto),Christianity - Non-Evangelical Protestant,Panaras,-3.06952,151.53735
5030,Papua New Guinea,Panim,700,Panim - (pnr),Christianity - Non-Evangelical Protestant,Panim,-5.21388,145.75242
5031,Papua New Guinea,Papi,125,Papi - (ppe),Ethnic Religion,Papi,-4.4725,142.01084
5032,Papua New Guinea,Papitalai,1600,Koro (Papua New Guinea) - (kxr),Christianity - Roman Catholic,Papitalai,-2.06222,147.41695
5033,Papua New Guinea,Parawen,1200,Parawen - (prw),Christianity - Non-Evangelical Protestant,Parawen,-5.0112,145.4177
5034,Papua New Guinea,Pasi,650,Pasi - (psq),Christianity - Non-Evangelical Protestant,Pasi,-3.95195,142.30702
5035,Papua New Guinea,Pasismanua,7000,Kaulong - (pss),Christianity - Non-Evangelical Protestant,Pasismanua,-6.08192,149.69627
5036,Papua New Guinea,Paswam,1500,Bitur - (mcc),Christianity - Non-Evangelical Protestant,Paswam,-8.51839,142.70984
5037,Papua New Guinea,Patep,2700,Patep - (ptp),Christianity - Non-Evangelical Protestant,Patep,-6.928862,146.629967
5038,Papua New Guinea,Patpatar,14000,Patpatar - (gfk),Christianity - Non-Evangelical Protestant,Patpatar,-3.74711,152.49294
5039,Papua New Guinea,Pawaia,3700,Pawaia - (pwa),Christianity - Non-Evangelical Protestant,Pawaia,-6.88021,145.08142
5040,Papua New Guinea,Pay,2300,Mala (Papua New Guinea) - (ped),Ethnic Religion,Pay,-4.35889,145.03981
5041,Papua New Guinea,Paynamar,500,Paynamar - (pmr),Christianity - Non-Evangelical Protestant,Paynamar,-4.94303,144.8791
5042,Papua New Guinea,Penchal,1500,Penchal - (pek),Christianity - Non-Evangelical Protestant,Penchal,-2.29891,147.81018
5043,Papua New Guinea,Piame,275,Piame - (pin),Ethnic Religion,Piame,-4.85835,142.78426
5044,Papua New Guinea,Pikiwa,3400,Dibiyaso - (dby),Ethnic Religion,Pikiwa,-7.82096,142.77883
5045,Papua New Guinea,Pila,3600,Miani - (pla),Christianity - Roman Catholic,Pila,-4.42116,145.27607
5046,Papua New Guinea,Pinai,1400,Pinai-Hagahai - (pnn),Christianity - Non-Evangelical Protestant,Pinai,-5.12624,144.13744
5047,Papua New Guinea,Pitilu,2000,Leipon - (lek),Christianity - Roman Catholic,Pitilu,-1.964345,147.237717
5048,Papua New Guinea,Piu,175,Piu - (pix),Christianity - Non-Evangelical Protestant,Piu,-6.96694,146.4547
5049,Papua New Guinea,Podopa,7600,Folopa - (ppo),Christianity - Non-Evangelical Protestant,Podopa,-6.86321,144.45842
5050,Papua New Guinea,Pogaya,850,Bogaya - (boq),Ethnic Religion,Pogaya,-5.54487,142.25459
5051,Papua New Guinea,Ponam,1300,Ponam - (ncc),Christianity - Roman Catholic,Ponam,-1.916,146.889
5052,Papua New Guinea,Pondoma,1900,Anam - (pda),Christianity - Roman Catholic,Pondoma,-4.745477,145.012726
5053,Papua New Guinea,Puari,1000,Puare - (pux),Christianity - Non-Evangelical Protestant,Puari,-2.90121,141.71469
5054,Papua New Guinea,Pulabu,325,Pulabu - (pup),Ethnic Religion,Pulabu,-5.59558,145.73801
5055,Papua New Guinea,Pulie,1700,Lamogai - (lmg),Christianity - Roman Catholic,Pulie,-6.0775,149.178849
5056,Papua New Guinea,Pyu,325,Pyu (Papua New Guinea) - (pby),Ethnic Religion,Pyu,-4.021526,141.034409
5057,Papua New Guinea,Rapting,950,Rapting - (rpt),Christianity - Non-Evangelical Protestant,Rapting,-4.99351,145.67105
5058,Papua New Guinea,Rawa,23500,Rawa - (rwo),Christianity - Non-Evangelical Protestant,Rawa,-5.83155,145.93659
5059,Papua New Guinea,Rawo,1100,Rawo - (rwa),Christianity - Non-Evangelical Protestant,Rawo,-2.84201,141.603
5060,Papua New Guinea,Rempin,2600,Rempi - (rmp),Christianity - Roman Catholic,Rempin,-5.02487,145.78187
5061,Papua New Guinea,Rerau,1000,Rerau - (rea),Christianity - Non-Evangelical Protestant,Rerau,-5.51361,145.7158
5062,Papua New Guinea,Rocky Peak,900,Iteri - (itr),Ethnic Religion,Rocky Peak,-4.180124,141.571728
5063,Papua New Guinea,Roinji,750,Ronji - (roe),Christianity - Non-Evangelical Protestant,Roinji,-5.80782,146.73058
5064,Papua New Guinea,Romkun,1000,Romkun - (rmk),Christianity - Roman Catholic,Romkun,-4.58919,144.68912
5065,Papua New Guinea,Roro,17500,Waima - (rro),Christianity - Non-Evangelical Protestant,Roro,-8.67145,146.54377
5066,Papua New Guinea,Rossel Islander,7600,Yele - (yle),Christianity - Non-Evangelical Protestant,Rossel Islander,-11.37963,154.12664
5067,Papua New Guinea,Rouku,1200,Wára - (tci),Ethnic Religion,Rouku,-8.645437,141.43729
5068,Papua New Guinea,Saep,900,Saep - (spd),Christianity - Non-Evangelical Protestant,Saep,-5.64812,146.07781
5069,Papua New Guinea,Sakam,2200,Kutong - (skm),Christianity - Non-Evangelical Protestant,Sakam,-6.18726,146.70211
5070,Papua New Guinea,Saki,7600,Maia - (sks),Christianity - Non-Evangelical Protestant,Saki,-4.50212,145.09554
5071,Papua New Guinea,Salt,18500,Salt-Yui - (sll),Christianity - Non-Evangelical Protestant,Salt,-6.26519,145.02097
5072,Papua New Guinea,Samberigi,8800,Samberigi - (ssx),Christianity - Non-Evangelical Protestant,Samberigi,-6.720934,143.937591
5073,Papua New Guinea,Sambio,7300,Kapin - (tbx),Christianity - Non-Evangelical Protestant,Sambio,-7.05732,146.52882
5074,Papua New Guinea,Samo,1600,Samo - (smq),Christianity - Non-Evangelical Protestant,"Samo, Supei",-6.102918,142.278468
5075,Papua New Guinea,Samosa,150,Samosa - (swm),Christianity - Non-Evangelical Protestant,Samosa,-5.01391,145.53729
5076,Papua New Guinea,Sanio,1800,Saniyo-Hiyewe - (sny),Ethnic Religion,Sanio,-4.4376,142.36939
5077,Papua New Guinea,Saruga,350,Saruga - (sra),Christianity - Non-Evangelical Protestant,Saruga,-5.08824,145.57798
5078,Papua New Guinea,Sau Enga,29000,Enga - (enq),Christianity - Non-Evangelical Protestant,Sau Enga,-5.644999,143.869947
5079,Papua New Guinea,Sauk,2000,Ma Manda - (skc),Christianity - Non-Evangelical Protestant,Sauk,-6.354376,146.66221
5080,Papua New Guinea,Sausi,2400,Sausi - (ssj),Christianity - Non-Evangelical Protestant,Sausi,-5.6873,145.49195
5081,Papua New Guinea,Seim,9400,Mende (Papua New Guinea) - (sim),Christianity - Non-Evangelical Protestant,Seim,-3.67233,142.68288
5082,Papua New Guinea,Selepet,16500,Selepet - (spl),Christianity - Non-Evangelical Protestant,Selepet,-6.03532,147.23425
5083,Papua New Guinea,Sengo,850,Sengo - (spk),Christianity - Non-Evangelical Protestant,Sengo,-4.02247,142.95637
5084,Papua New Guinea,Sengseng,3100,Sengseng - (ssz),Christianity - Roman Catholic,Sengseng,-6.16474,149.7841
5085,Papua New Guinea,Sepa,1200,Sepa (Papua New Guinea) - (spe),Christianity - Non-Evangelical Protestant,Sepa,-4.270605,144.963572
5086,Papua New Guinea,Sepen,1100,Akukem - (spm),Christianity - Non-Evangelical Protestant,Sepen,-4.22789,144.80885
5087,Papua New Guinea,Sepik Iwam,6000,Sepik Iwam - (iws),Christianity - Non-Evangelical Protestant,Sepik Iwam,-4.30928,142.11683
5088,Papua New Guinea,Sepik Plains,4900,Keak - (keh),Christianity - Roman Catholic,Sepik Plains,-4.0722,143.2573
5089,Papua New Guinea,Sera,1200,Sera - (sry),Christianity - Non-Evangelical Protestant,Sera,-2.9854,141.9508
5090,Papua New Guinea,Seta,425,Seta - (stf),Ethnic Religion,Seta,-3.42155,141.74786
5091,Papua New Guinea,Setaman,550,Setaman - (stm),Ethnic Religion,Setaman,-5.261829,141.78671
5092,Papua New Guinea,Seti,275,Seti - (sbi),Ethnic Religion,Seti,-3.45521,141.82694
5093,Papua New Guinea,Sewa Bay,5400,Sewa Bay - (sew),Christianity - Non-Evangelical Protestant,Sewa Bay,-10.02772,150.95608
5094,Papua New Guinea,Sialum,700,Sialum - (slw),Christianity - Non-Evangelical Protestant,Sialum,-6.07688,147.57361
5095,Papua New Guinea,Siane,34000,Siane - (snp),Christianity - Non-Evangelical Protestant,Siane,-6.13188,145.24661
5096,Papua New Guinea,Siar,3700,Siar-Lak - (sjr),Christianity - Roman Catholic,Siar,-4.443619,153.035759
5097,Papua New Guinea,Siboma,300,Numbami - (sij),Christianity - Non-Evangelical Protestant,Siboma,-7.52806,147.29775
5098,Papua New Guinea,Sihan,950,Sihan - (snr),Christianity - Non-Evangelical Protestant,Sihan,-5.28029,145.57365
5099,Papua New Guinea,Sileibi,750,Sileibi - (sbq),Christianity - Non-Evangelical Protestant,Sileibi,-4.98243,145.22499
5100,Papua New Guinea,Silopi,300,Silopi - (xsp),Christianity - Non-Evangelical Protestant,Silopi,-5.12302,145.58617
5101,Papua New Guinea,Simbali,600,Simbali - (smg),Christianity - Non-Evangelical Protestant,Simbali,-4.88618,151.95722
5102,Papua New Guinea,Simbari,7400,Simbari - (smb),Christianity - Non-Evangelical Protestant,Simbari,-7.02259,145.60346
5103,Papua New Guinea,Simog,650,Auwe - (smf),Christianity - Roman Catholic,Simog,-3.33662,141.25383
5104,Papua New Guinea,Sinagen,550,Sinagen - (siu),Christianity - Non-Evangelical Protestant,Sinagen,-3.437194,142.403384
5105,Papua New Guinea,Sinagoro,25000,Sinaugoro - (snc),Christianity - Non-Evangelical Protestant,Sinagoro,-9.79791,147.86105
5106,Papua New Guinea,Sinaki,1200,Suau - (swp),Christianity - Non-Evangelical Protestant,Sinaki,-10.387376,149.880778
5107,Papua New Guinea,Sinasina,141000,Sinasina - (sst),Christianity - Non-Evangelical Protestant,Sinasina,-6.087618,145.020915
5108,Papua New Guinea,Sinsauru,850,Sinsauru - (snz),Christianity - Non-Evangelical Protestant,Sinsauru,-5.64336,145.59921
5109,Papua New Guinea,Sio,8500,Sio - (xsi),Christianity - Non-Evangelical Protestant,Sio,-5.96037,147.35333
5110,Papua New Guinea,Sirak,450,Nafi - (srf),Christianity - Non-Evangelical Protestant,Sirak,-6.43306,146.81512
5111,Papua New Guinea,Sirasira,1200,Sarasira - (zsa),Christianity - Non-Evangelical Protestant,Sirasira,-6.321243,146.477923
5112,Papua New Guinea,Sisano,11500,Sissano - (sso),Christianity - Roman Catholic,Sisano,-3.01976,142.04893
5113,Papua New Guinea,Sisi-Bipi,2900,Bipi - (biq),Christianity - Roman Catholic,Sisi-Bipi,-2.11115,146.39801
5114,Papua New Guinea,Sokorok,850,Siliput - (mkc),Christianity - Roman Catholic,Sokorok,-3.644899,142.4712
5115,Papua New Guinea,Som,125,Undetermined - (und),Christianity - Non-Evangelical Protestant,Som,-6.088,146.646
5116,Papua New Guinea,Sona,4500,Kanasi - (soq),Christianity - Non-Evangelical Protestant,Sona,-10.269839,149.696435
5117,Papua New Guinea,Songum,1400,Sam - (snx),Christianity - Non-Evangelical Protestant,Songum,-5.546,145.805
5118,Papua New Guinea,Sonia,850,Sonia - (siq),Christianity - Non-Evangelical Protestant,Sonia,-6.42736,142.58885
5119,Papua New Guinea,Sori-Harengan,1800,Sori-Harengan - (sbh),Christianity - Roman Catholic,Sori-Harengan,-1.98384,146.64176
5120,Papua New Guinea,South Fore,9800,Fore - (for),Christianity - Non-Evangelical Protestant,"South Fore, Pamusa",-6.6286,145.5446
5121,Papua New Guinea,South Kewa,17500,Erave - (kjy),Christianity - Non-Evangelical Protestant,South Kewa,-6.55011,143.91778
5122,Papua New Guinea,South Mendi,48000,Angal Enen - (aoe),Christianity - Non-Evangelical Protestant,South Mendi,-6.171111,143.595861
5123,Papua New Guinea,South Watut,1700,South Watut - (mcy),Christianity - Non-Evangelical Protestant,"Watut, South",-6.887,146.3836
5124,Papua New Guinea,Southern Arapesh,12500,Mufian - (aoj),Christianity - Non-Evangelical Protestant,Mufian,-3.57932,142.95453
5125,Papua New Guinea,Southern Kiwai,21500,Southern Kiwai - (kjd),Christianity - Non-Evangelical Protestant,Southern Kiwai,-8.64889,143.24381
5126,Papua New Guinea,Sowanda,2700,Sowanda - (sow),Christianity - Roman Catholic,Sowanda,-3.36442,141.08642
5127,Papua New Guinea,Sua,19000,Chuave - (cjv),Christianity - Non-Evangelical Protestant,Sua,-6.167,145.1
5128,Papua New Guinea,Suain,4600,Ulau-Suain - (svb),Christianity - Roman Catholic,Suain,-3.312306,142.804087
5129,Papua New Guinea,Suau,10000,Suau - (swp),Christianity - Non-Evangelical Protestant,Suau,-10.67067,150.255246
5130,Papua New Guinea,Suena,5300,Suena - (sue),Christianity - Non-Evangelical Protestant,Suena,-7.76339,147.53436
5131,Papua New Guinea,Suganga,2000,Suganga - (sug),Ethnic Religion,Suganga,-4.5071,141.19955
5132,Papua New Guinea,Suki,5800,Suki - (sui),Christianity - Non-Evangelical Protestant,Suki,-8.04783,141.84239
5133,Papua New Guinea,Sukurum,2300,Sukurum - (zsu),Christianity - Non-Evangelical Protestant,Sukurum,-6.381172,146.410542
5134,Papua New Guinea,Sulka,5600,Sulka - (sua),Christianity - Roman Catholic,Sulka,-5.03471,151.89079
5135,Papua New Guinea,Sumariup,175,Sumariup - (siv),Christianity - Non-Evangelical Protestant,Sumariup,-4.728754,143.262489
5136,Papua New Guinea,Sumau,4200,Sumau - (six),Christianity - Non-Evangelical Protestant,Sumau,-5.48556,145.47407
5137,Papua New Guinea,Suroi,2100,Siroi - (ssd),Christianity - Non-Evangelical Protestant,Suroi,-5.52893,145.9938
5138,Papua New Guinea,Sursurunga,6800,Sursurunga - (sgz),Christianity - Non-Evangelical Protestant,Sursurunga,-3.99078,152.76834
5139,Papua New Guinea,Tabar,6900,Mandara - (tbf),Christianity - Roman Catholic,Tabar,-2.7828,151.95641
5140,Papua New Guinea,Tabriak,3400,Tabriak - (tzx),Christianity - Roman Catholic,Tabriak,-4.49162,143.59259
5141,Papua New Guinea,Tagula,4800,Sudest - (tgo),Christianity - Roman Catholic,Tagula,-11.52292,153.48807
5142,Papua New Guinea,Tai,2200,Tai - (taw),Christianity - Non-Evangelical Protestant,Tai,-5.29223,144.65989
5143,Papua New Guinea,Tairora,9800,North Tairora - (tbg),Christianity - Non-Evangelical Protestant,Tairora,-6.51563,145.95929
5144,Papua New Guinea,Takia,37000,Takia - (tbc),Christianity - Evangelical Protestant,Takia,-4.662102,145.894503
5145,Papua New Guinea,Tami,2800,Tami - (tmy),Christianity - Evangelical Protestant,Tami,-6.70017,147.73151
5146,Papua New Guinea,Tanga,9700,Niwer Mil - (hrc),Christianity - Roman Catholic,Tanga,-4.08824,153.61121
5147,Papua New Guinea,Tangu,6800,Tanggu - (tgu),Christianity - Roman Catholic,Tangu,-4.4621,144.91557
5148,Papua New Guinea,Tanguat,1200,Tanguat - (tbs),Christianity - Non-Evangelical Protestant,Tanguat,-4.57282,144.92706
5149,Papua New Guinea,Tani,5000,Maiani - (tnh),Christianity - Evangelical Protestant,Tani,-4.55066,145.23912
5150,Papua New Guinea,Tao-Suamato,3000,Mubami - (tsx),Christianity - Non-Evangelical Protestant,Tao-Suamato,-7.5501,142.99792
5151,Papua New Guinea,Tati,900,Kaki Ae - (tbd),Christianity - Evangelical Protestant,Tati,-7.9946,145.81569
5152,Papua New Guinea,Tauade,25000,Tauade - (ttd),Christianity - Roman Catholic,Tauade,-8.3486,147.09377
5153,Papua New Guinea,Taulil-Butam,2600,Taulil - (tuh),Christianity - Roman Catholic,Taulil-Butam,-4.44425,152.09499
5154,Papua New Guinea,Taupota,2200,Taupota - (tpa),Christianity - Non-Evangelical Protestant,Taupota,-10.2275,150.37277
5155,Papua New Guinea,Tauya,1000,Tauya - (tya),Ethnic Religion,Tauya,-5.74255,145.3657
5156,Papua New Guinea,Tavara,27000,Tawala - (tbo),Christianity - Roman Catholic,Tavara,-10.3115,150.64383
5157,Papua New Guinea,Telefol,12000,Telefol - (tlf),Christianity - Evangelical Protestant,Telefol,-5.07444,141.73053
5158,Papua New Guinea,Tembogia,72000,Bo-Ung - (mux),Christianity - Non-Evangelical Protestant,Tembogia,-5.8626,144.08649
5159,Papua New Guinea,Tench,275,Tok Pisin - (tpi),Christianity - Non-Evangelical Protestant,Tench,-1.649462,150.673731
5160,Papua New Guinea,Terepu,425,Terebu - (trb),Christianity - Non-Evangelical Protestant,Terepu,-3.68721,143.83467
5161,Papua New Guinea,Tiang,2800,Tiang - (tbj),Christianity - Non-Evangelical Protestant,Tiang,-2.95505,150.93502
5162,Papua New Guinea,Tifal,5900,Tifal - (tif),Christianity - Non-Evangelical Protestant,Tifal,-5.03899,141.2934
5163,Papua New Guinea,Timbe,25000,Timbe - (tim),Christianity - Non-Evangelical Protestant,Timbe,-6.06875,147.05718
5164,Papua New Guinea,Tirio,1500,Makayam - (aup),Ethnic Religion,Tirio,-8.449839,142.554191
5165,Papua New Guinea,Titan,9000,Titan - (ttv),Christianity - Non-Evangelical Protestant,Titan,-2.194733,146.879669
5166,Papua New Guinea,Toaripi,72000,Toaripi - (tqo),Christianity - Non-Evangelical Protestant,Toaripi,-8.07231,146.20608
5167,Papua New Guinea,Tobo,6500,Tobo - (tbv),Christianity - Non-Evangelical Protestant,Tobo,-6.36263,147.37562
5168,Papua New Guinea,Tokano,16500,Tokano - (zuh),Christianity - Non-Evangelical Protestant,Tokano,-6.05047,145.29832
5169,Papua New Guinea,Tolai,138000,Kuanua - (ksd),Christianity - Roman Catholic,Tolai,-4.30986,152.1136
5170,Papua New Guinea,Tomu,850,Odoodee - (kkc),Christianity - Non-Evangelical Protestant,Tomu (Odoodee),-6.620169,142.429648
5171,Papua New Guinea,Tonda,1100,Blafe - (bfh),Christianity - Non-Evangelical Protestant,Tonda,-8.521057,141.113272
5172,Papua New Guinea,Torricelli,850,Torricelli - (tei),Christianity - Roman Catholic,Torricelli,-3.45292,142.62226
5173,Papua New Guinea,Tuam,5000,Mutu - (tuc),Christianity - Non-Evangelical Protestant,Tuam,-5.79405,148.01357
5174,Papua New Guinea,Tubetube,3500,Bwanabwana - (tte),Christianity - Non-Evangelical Protestant,Tubetube,-10.65985,151.03439
5175,Papua New Guinea,Tulu,4000,Tulu-Bohuai - (rak),Christianity - Roman Catholic,Levei-Tulu,-1.971259,146.805096
5176,Papua New Guinea,Tumie,1900,Tomoip - (tqp),Christianity - Roman Catholic,Tumie,-5.30721,151.82777
5177,Papua New Guinea,Tumleo,1300,Tumleo - (tmq),Christianity - Non-Evangelical Protestant,Tumleo,-3.14955,142.34587
5178,Papua New Guinea,Turaka,100,Turaka - (trh),Christianity - Non-Evangelical Protestant,Turaka,-9.83576,149.56671
5179,Papua New Guinea,Tuwari,350,Tuwari - (tww),Ethnic Religion,Tuwari,-4.80315,142.09522
5180,Papua New Guinea,Uaripi,9100,Tairuma - (uar),Christianity - Non-Evangelical Protestant,Uaripi,-7.94866,145.73197
5181,Papua New Guinea,Ubir,4500,Ubir - (ubr),Christianity - Non-Evangelical Protestant,Ubir,-9.59044,149.39621
5182,Papua New Guinea,Ufim,1700,Ufim - (ufi),Christianity - Non-Evangelical Protestant,Ufim,-6.05128,146.24488
5183,Papua New Guinea,Ukuriguma,275,Ukuriguma - (ukg),Ethnic Religion,Ukuriguma,-4.94407,145.51442
5184,Papua New Guinea,Ulingan,3900,Mauwake - (mhl),Christianity - Roman Catholic,Ulingan,-4.52416,145.39391
5185,Papua New Guinea,Umeda,475,Umeda - (upi),Christianity - Roman Catholic,Umeda,-3.34565,141.15692
5186,Papua New Guinea,Uramat,4300,Ura (Papua New Guinea) - (uro),Christianity - Non-Evangelical Protestant,Uramat,-4.64226,151.95294
5187,Papua New Guinea,Urapmin,1200,Urapmin - (urm),Christianity - Non-Evangelical Protestant,Urapmin,-5.08704,141.54009
5188,Papua New Guinea,Urat,10500,Urat - (urt),Christianity - Non-Evangelical Protestant,Urat,-3.60065,142.79038
5189,Papua New Guinea,Uri Vehees,5600,Uri - (uvh),Christianity - Non-Evangelical Protestant,Uri Vehees,-6.41993,146.60839
5190,Papua New Guinea,Uriginau,4000,Urigina - (urg),Christianity - Non-Evangelical Protestant,Uriginau,-5.58982,145.50708
5191,Papua New Guinea,Urim,6200,Urim - (uri),Christianity - Non-Evangelical Protestant,Urim,-3.58018,142.65316
5192,Papua New Guinea,Urimo,1300,Urimo - (urx),Christianity - Non-Evangelical Protestant,Urimo,-3.854956,143.695777
5193,Papua New Guinea,Usan,3100,Usan - (wnu),Christianity - Non-Evangelical Protestant,Usan,-4.84265,145.36225
5194,Papua New Guinea,Usino,3700,Sop - (urw),Christianity - Non-Evangelical Protestant,Usino,-5.49605,145.36115
5195,Papua New Guinea,Usu,450,Uya - (usu),Christianity - Non-Evangelical Protestant,Usu,-5.32246,145.4704
5196,Papua New Guinea,Usurufa,2800,Usarufa - (usa),Christianity - Non-Evangelical Protestant,Usurufa,-6.38898,145.63291
5197,Papua New Guinea,Utu,1600,Utu - (utu),Christianity - Non-Evangelical Protestant,Utu,-5.16422,145.54353
5198,Papua New Guinea,Uvol,9000,Lote - (uvl),Christianity - Roman Catholic,Uvol,-5.954,150.9105
5199,Papua New Guinea,Valman,2800,Valman - (van),Christianity - Non-Evangelical Protestant,Valman,-3.24963,142.49904
5200,Papua New Guinea,Vanambre,1000,Wanambre - (wnb),Christianity - Non-Evangelical Protestant,Vanambre,-4.78822,145.41873
5201,Papua New Guinea,Vanimo,4700,Vanimo - (vam),Christianity - Roman Catholic,Vanimo,-2.68501,141.25826
5202,Papua New Guinea,Vehes,300,Vehes - (val),Christianity - Non-Evangelical Protestant,Vehes,-6.92151,146.89473
5203,Papua New Guinea,Vitu,20000,Vitu - (wiv),Christianity - Roman Catholic,Vitu,-4.69751,149.48864
5204,Papua New Guinea,Vivigani,15500,Iduna - (viv),Christianity - Evangelical Protestant,Vivigani,-9.304,150.332
5205,Papua New Guinea,Wab,450,Wab - (wab),Christianity - Non-Evangelical Protestant,Wab,-5.61216,146.46132
5206,Papua New Guinea,Wabuda Kiwai,4500,Waboda - (kmx),Christianity - Non-Evangelical Protestant,Wabuda Kiwai,-8.41651,143.50149
5207,Papua New Guinea,Wadaginamb,1600,Wadaginam - (wdg),Christianity - Roman Catholic,Wadaginamb,-4.52754,144.97231
5208,Papua New Guinea,Waffa,3100,Waffa - (waj),Christianity - Non-Evangelical Protestant,Waffa,-6.55783,146.08994
5209,Papua New Guinea,Wagawaga,1000,Wagawaga - (wgb),Christianity - Non-Evangelical Protestant,Wagawaga,-10.412084,150.413041
5210,Papua New Guinea,Wagumi,2200,Blafe - (bfh),Ethnic Religion,Wagumi,-8.595582,141.295391
5211,Papua New Guinea,Wahgi,79000,Wahgi - (wgi),Christianity - Roman Catholic,Wahgi,-6.0449,144.6552
5212,Papua New Guinea,Waia,5300,Tabo - (knv),Ethnic Religion,Waia,-8.09387,143.30513
5213,Papua New Guinea,Waibuk,2400,Haruai - (tmd),Ethnic Religion,Waibuk,-5.128196,144.312245
5214,Papua New Guinea,Waisara,1000,Owenia - (wsr),Christianity - Non-Evangelical Protestant,Waisara,-6.70452,145.81705
5215,Papua New Guinea,Walio,375,Walio - (wla),Christianity - Non-Evangelical Protestant,Walio,-4.41234,142.23075
5216,Papua New Guinea,Wamas,425,Wamas - (wmc),Christianity - Non-Evangelical Protestant,Wamas,-4.97757,145.54112
5217,Papua New Guinea,Wanap,1700,Wanap - (wnp),Ethnic Religion,Wanap,-3.59639,142.49964
5218,Papua New Guinea,Wandabong,1500,Yopno - (yut),Christianity - Non-Evangelical Protestant,Wandabong,-6.012037,146.570701
5219,Papua New Guinea,Wantoat,9700,Wantoat - (wnc),Christianity - Non-Evangelical Protestant,Wantoat,-6.129099,146.470527
5220,Papua New Guinea,Waris,5300,Waris - (wrs),Christianity - Roman Catholic,Waris,-3.277,141.10645
5221,Papua New Guinea,Waruna,1400,Waruna - (wrv),Ethnic Religion,Waruna,-8.23565,142.46979
5222,Papua New Guinea,Washkuk,3100,Kwoma - (kmo),Christianity - Non-Evangelical Protestant,Washkuk,-4.08721,142.66438
5223,Papua New Guinea,Wasi,2900,Pele-Ata - (ata),Christianity - Non-Evangelical Protestant,Wasi,-5.58045,151.05018
5224,Papua New Guinea,Waskia,29000,Waskia - (wsk),Christianity - Non-Evangelical Protestant,Waskia,-4.56219,145.962064
5225,Papua New Guinea,Watakataui,700,Watakataui - (wtk),Christianity - Non-Evangelical Protestant,Watakataui,-4.58965,143.00482
5226,Papua New Guinea,Wataluma,750,Kaninuwa - (wat),Christianity - Roman Catholic,Wataluma,-9.23148,150.25287
5227,Papua New Guinea,Watam,950,Watam - (wax),Christianity - Non-Evangelical Protestant,Watam,-4.02591,144.58253
5228,Papua New Guinea,Watiwa,900,Watiwa - (wtf),Christianity - Non-Evangelical Protestant,Watiwa,-5.82002,145.65507
5229,Papua New Guinea,Wedau,3900,Wedau - (wed),Christianity - Non-Evangelical Protestant,Wedau,-10.12464,150.17188
5230,Papua New Guinea,Weli,12500,Weri - (wer),Christianity - Non-Evangelical Protestant,Weli,-7.71834,146.91368
5231,Papua New Guinea,Were,850,Kiunum - (wei),Christianity - Non-Evangelical Protestant,Were,-8.42194,142.44711
5232,Papua New Guinea,West Angal Heneng,85500,Angal Heneng - (akh),Christianity - Non-Evangelical Protestant,West Angal Heneng,-6.245623,143.462176
5233,Papua New Guinea,West Kewa,79000,West Kewa - (kew),Christianity - Non-Evangelical Protestant,West Kewa,-6.32097,143.72984
5234,Papua New Guinea,West Nakanai,36500,Nakanai - (nak),Christianity - Non-Evangelical Protestant,West Nakanai,-5.59931,150.88772
5235,Papua New Guinea,Wiaki,1300,Minidien - (wii),Christianity - Roman Catholic,Wiaki,-3.554139,142.421421
5236,Papua New Guinea,Wiru,43000,Wiru - (wiu),Christianity - Non-Evangelical Protestant,Wiru,-6.35863,144.21446
5237,Papua New Guinea,Wogamusin,1400,Wogamusin - (wog),Ethnic Religion,Wogamusin,-4.22936,142.40054
5238,Papua New Guinea,Wogeo,2700,Wogeo - (woc),Christianity - Non-Evangelical Protestant,Wogeo,-3.20238,144.08925
5239,Papua New Guinea,Wom,7000,Wom (Papua New Guinea) - (wmo),Christianity - Roman Catholic,Wom,-3.553866,142.870541
5240,Papua New Guinea,Wutung,1500,Wutung - (wut),Christianity - Non-Evangelical Protestant,Wutung,-2.64636,141.10425
5241,Papua New Guinea,Wuvulu-Aua,2700,Wuvulu-Aua - (wuv),Christianity - Roman Catholic,Wuvulu-Aua,-1.73938,142.85072
5242,Papua New Guinea,Yabem,6400,Yabem - (jae),Christianity - Non-Evangelical Protestant,Yabem,-6.67052,147.80997
5243,Papua New Guinea,Yaben,2000,Yaben - (ybm),Christianity - Non-Evangelical Protestant,Yaben,-4.90868,145.36113
5244,Papua New Guinea,Yabio,325,Yawiyo - (ybx),Christianity - Non-Evangelical Protestant,Yabio,-4.58133,142.11163
5245,Papua New Guinea,Yabiyufa,4500,Yaweyuha - (yby),Christianity - Non-Evangelical Protestant,Yabiyufa,-6.1868,145.35873
5246,Papua New Guinea,Yabong,2600,Yabong - (ybo),Christianity - Non-Evangelical Protestant,Yabong,-5.61718,146.2065
5247,Papua New Guinea,Yagaria,43000,Yagaria - (ygr),Christianity - Non-Evangelical Protestant,Yagaria,-6.32432,145.38785
5248,Papua New Guinea,Yagawak,1400,Wantoat - (wnc),Christianity - Non-Evangelical Protestant,Yagawak,-6.237409,146.461877
5249,Papua New Guinea,Yagomi,450,Yagomi - (ygm),Christianity - Non-Evangelical Protestant,Yagomi,-5.7457,146.6036
5250,Papua New Guinea,Yagwoia,15000,Yagwoia - (ygw),Christianity - Non-Evangelical Protestant,Yagwoia,-7.14042,145.85384
5251,Papua New Guinea,Yahang,2300,Yahang - (rhp),Christianity - Roman Catholic,Yahang,-3.73035,142.40006
5252,Papua New Guinea,Yakamul,5700,Kap - (ykm),Christianity - Non-Evangelical Protestant,Yakamul,-3.28761,142.65902
5253,Papua New Guinea,Yalu,2200,Aribwaung - (ylu),Christianity - Non-Evangelical Protestant,Yalu,-6.65252,146.91898
5254,Papua New Guinea,Yamalele,6800,Iamalele - (yml),Christianity - Non-Evangelical Protestant,Yamalele,-9.4457,150.5922
5255,Papua New Guinea,Yamap,2800,Yamap - (ymp),Christianity - Non-Evangelical Protestant,Yamap,-7.05687,146.81725
5256,Papua New Guinea,Yambes,1800,Yambes - (ymb),Ethnic Religion,Yambes,-3.546373,142.761638
5257,Papua New Guinea,Yambiyambi,1500,Bisis - (bnw),Ethnic Religion,Yambiyambi,-4.420418,143.062944
5258,Papua New Guinea,Yangulam,700,Yangulam - (ynl),Christianity - Non-Evangelical Protestant,Yangulam,-5.52697,145.85762
5259,Papua New Guinea,Yanta,10500,Gorakor - (goc),Christianity - Non-Evangelical Protestant,"Yanta, Towangara",-6.902796,146.604718
5260,Papua New Guinea,Yapunda,200,Yapunda - (yev),Christianity - Non-Evangelical Protestant,Yapunda,-3.460329,142.461966
5261,Papua New Guinea,Yarawata,275,Yarawata - (yrw),Christianity - Non-Evangelical Protestant,Yarawata,-4.93943,145.45448
5262,Papua New Guinea,Yareba,2100,Yareba - (yrb),Christianity - Non-Evangelical Protestant,Yareba,-9.50651,148.6047
5263,Papua New Guinea,Yate,22500,Inoke-Yate - (ino),Christianity - Non-Evangelical Protestant,Yate,-6.32311,145.53907
5264,Papua New Guinea,"Yau, Sindamon",3700,Yau (Morobe Province) - (yuw),Christianity - Non-Evangelical Protestant,"Yau, Sindamon",-6.0536,146.7877
5265,Papua New Guinea,"Yau,Sandaun",400,Yau (Sandaun Province) - (yyu),Ethnic Religion,"Yau, Sandaun",-3.521026,142.044142
5266,Papua New Guinea,Yauan,1700,Bragat - (aof),Ethnic Religion,Yauan,-3.504,142.5712
5267,Papua New Guinea,Yaugiba,3200,Urimo - (urx),Ethnic Religion,Yaugiba,-3.829077,143.63748
5268,Papua New Guinea,Yaul,2000,Yaul - (yla),Ethnic Religion,Yaul,-4.39912,143.99318
5269,Papua New Guinea,Yawa,1100,Kalou - (ywa),Christianity - Non-Evangelical Protestant,Yawa,-3.905853,142.211196
5270,Papua New Guinea,Yega,1400,Hunjara-Kaina Ke - (hkk),Christianity - Non-Evangelical Protestant,Yega,-9.0487,149.2277
5271,Papua New Guinea,Yekora,1800,Yekora - (ykr),Christianity - Non-Evangelical Protestant,Yekora,-7.812,147.545
5272,Papua New Guinea,Yelogu,650,Yelogu - (ylg),Ethnic Religion,Yelogu,-4.09907,142.80753
5273,Papua New Guinea,Yerakai,1100,Yerakai - (yra),Christianity - Roman Catholic,Yerakai,-4.28828,142.94708
5274,Papua New Guinea,Yey,1800,Yei - (jei),Christianity - Non-Evangelical Protestant,Yei,-8.0293,141.1375
5275,Papua New Guinea,Yil,4300,Yil - (yll),Christianity - Non-Evangelical Protestant,Yil,-3.46501,142.17773
5276,Papua New Guinea,Yimas,1000,Yimas - (yee),Christianity - Roman Catholic,Yimas,-4.679747,143.545906
5277,Papua New Guinea,Yis,1400,Yis - (yis),Ethnic Religion,Yis,-3.57371,141.88034
5278,Papua New Guinea,Yoidik,1300,Yoidik - (ydk),Christianity - Roman Catholic,Yoidik,-4.94044,145.75776
5279,Papua New Guinea,Yongom,10500,Yongkom - (yon),Christianity - Non-Evangelical Protestant,Yonggom,-6.46954,141.017567
5280,Papua New Guinea,Yubanakor,10000,Kwanga - (kwj),Christianity - Non-Evangelical Protestant,Yubanakor,-3.6791,142.7294
5281,Papua New Guinea,Zanofil,2200,Yongkom - (yon),Christianity - Roman Catholic,Zanofil,-5.677926,141.026807
5282,Papua New Guinea,Zenag,5600,Zenag - (zeg),Christianity - Non-Evangelical Protestant,Zenag,-6.9373,146.604434
5283,Papua New Guinea,Ziya,4900,Zia - (zia),Christianity - Non-Evangelical Protestant,Ziya,-7.95814,147.57935
5292,Papua New Guinea,Euronesian,7700,English - (eng),Christianity - Non-Evangelical Protestant,Euronesian,-9.419877,147.178724
